id,type,parent_id,schema,name,parent_name,datatype,constraints,instances,text_sequence,instance_sequence
entity_1,table,entity_0,HR_ORACLE,COUNTRIES,,,,"COUNTRY ID, COUNTRY NAME, REGION ID","COUNTRIES [COUNTRY ID, COUNTRY NAME, REGION ID]","COUNTRIES: {COUNTRY ID, COUNTRY NAME, REGION ID}"
entity_2,column,entity_1,HR_ORACLE,COUNTRY_ID,COUNTRIES,VARCHAR2,PRIMARY KEY,"CH, DE, ML, JP, KW",COUNTRY_ID COUNTRIES VARCHAR2 PRIMARY KEY,"COUNTRY_ID: {CH, DE, ML, JP, KW}"
entity_3,column,entity_1,HR_ORACLE,COUNTRY_NAME,COUNTRIES,VARCHAR2,,"Nigeria, India, Italy, Belgium, Brazil",COUNTRY_NAME COUNTRIES VARCHAR2 ,"COUNTRY_NAME: {Nigeria, India, Italy, Belgium, Brazil}"
entity_4,column,entity_1,HR_ORACLE,REGION_ID,COUNTRIES,NUMBER,FOREIGN KEY,2,REGION_ID COUNTRIES NUMBER FOREIGN KEY,REGION_ID: {2}
entity_5,table,entity_0,HR_ORACLE,DEPARTMENTS,,,,"DEPARTMENT ID, DEPARTMENT NAME, MANAGER ID, LOCATION ID","DEPARTMENTS [DEPARTMENT ID, DEPARTMENT NAME, MANAGER ID, LOCATION ID]","DEPARTMENTS: {DEPARTMENT ID, DEPARTMENT NAME, MANAGER ID, LOCATION ID}"
entity_6,column,entity_5,HR_ORACLE,DEPARTMENT_ID,DEPARTMENTS,NUMBER,PRIMARY KEY,"180, 80, 250, 60, 110",DEPARTMENT_ID DEPARTMENTS NUMBER PRIMARY KEY,"DEPARTMENT_ID: {180, 80, 250, 60, 110}"
entity_7,column,entity_5,HR_ORACLE,DEPARTMENT_NAME,DEPARTMENTS,VARCHAR2,,"Purchasing, Accounting, Retail Sales, Government Sales, Corporate Tax",DEPARTMENT_NAME DEPARTMENTS VARCHAR2 ,"DEPARTMENT_NAME: {Purchasing, Accounting, Retail Sales, Government Sales, Corporate Tax}"
entity_8,column,entity_5,HR_ORACLE,MANAGER_ID,DEPARTMENTS,NUMBER,FOREIGN KEY,"108, 100, 201, 205, 203",MANAGER_ID DEPARTMENTS NUMBER FOREIGN KEY,"MANAGER_ID: {108, 100, 201, 205, 203}"
entity_9,column,entity_5,HR_ORACLE,LOCATION_ID,DEPARTMENTS,NUMBER,FOREIGN KEY,"1700, 2700, 1400, 1500, 2400",LOCATION_ID DEPARTMENTS NUMBER FOREIGN KEY,"LOCATION_ID: {1700, 2700, 1400, 1500, 2400}"
entity_10,table,entity_0,HR_ORACLE,EMPLOYEES,,,,"EMPLOYEE ID, FIRST NAME, LAST NAME, EMAIL, PHONE NUMBER, HIRE DATE, JOB ID, SALARY, COMMISSION PCT, MANAGER ID, DEPARTMENT ID","EMPLOYEES [EMPLOYEE ID, FIRST NAME, LAST NAME, EMAIL, PHONE NUMBER, HIRE DATE, JOB ID, SALARY, COMMISSION PCT, MANAGER ID, DEPARTMENT ID]","EMPLOYEES: {EMPLOYEE ID, FIRST NAME, LAST NAME, EMAIL, PHONE NUMBER, HIRE DATE, JOB ID, SALARY, COMMISSION PCT, MANAGER ID, DEPARTMENT ID}"
entity_11,column,entity_10,HR_ORACLE,EMPLOYEE_ID,EMPLOYEES,NUMBER,PRIMARY KEY,"179, 205, 182, 159, 143",EMPLOYEE_ID EMPLOYEES NUMBER PRIMARY KEY,"EMPLOYEE_ID: {179, 205, 182, 159, 143}"
entity_12,column,entity_10,HR_ORACLE,FIRST_NAME,EMPLOYEES,VARCHAR2,,"Girard, Michael, Daniel, Danielle, Stephen",FIRST_NAME EMPLOYEES VARCHAR2 ,"FIRST_NAME: {Girard, Michael, Daniel, Danielle, Stephen}"
entity_13,column,entity_10,HR_ORACLE,LAST_NAME,EMPLOYEES,VARCHAR2,,"Kaufling, Mourgos, Grant, Zlotkey, Weiss",LAST_NAME EMPLOYEES VARCHAR2 ,"LAST_NAME: {Kaufling, Mourgos, Grant, Zlotkey, Weiss}"
entity_14,column,entity_10,HR_ORACLE,EMAIL,EMPLOYEES,VARCHAR2,,"RLADWIG, LSMITH, JLANDRY, GHIMURO, SMCCAIN",EMAIL EMPLOYEES VARCHAR2 ,"EMAIL: {RLADWIG, LSMITH, JLANDRY, GHIMURO, SMCCAIN}"
entity_15,column,entity_10,HR_ORACLE,PHONE_NUMBER,EMPLOYEES,VARCHAR2,,"650.127.1934, 650.505.2876, 011.44.1345.529268, 011.44.1344.345268, 011.44.1343.629268",PHONE_NUMBER EMPLOYEES VARCHAR2 ,"PHONE_NUMBER: {650.127.1934, 650.505.2876, 011.44.1345.529268, 011.44.1344.345268, 011.44.1343.629268}"
entity_16,column,entity_10,HR_ORACLE,HIRE_DATE,EMPLOYEES,DATE,,"15-NOV-06, 23-FEB-08, 10-MAR-05, 26-AUG-06, 03-FEB-08",HIRE_DATE EMPLOYEES DATE ,"HIRE_DATE: {15-NOV-06, 23-FEB-08, 10-MAR-05, 26-AUG-06, 03-FEB-08}"
entity_17,column,entity_10,HR_ORACLE,JOB_ID,EMPLOYEES,VARCHAR2,FOREIGN KEY,"AC_ACCOUNT, AD_VP, SH_CLERK, PU_MAN, AC_MGR",JOB_ID EMPLOYEES VARCHAR2 FOREIGN KEY,"JOB_ID: {AC_ACCOUNT, AD_VP, SH_CLERK, PU_MAN, AC_MGR}"
entity_18,column,entity_10,HR_ORACLE,SALARY,EMPLOYEES,NUMBER,,"7300, 2400, 11000, 4800, 3300",SALARY EMPLOYEES NUMBER ,"SALARY: {7300, 2400, 11000, 4800, 3300}"
entity_19,column,entity_10,HR_ORACLE,COMMISSION_PCT,EMPLOYEES,FLOAT,,"0.15, 0.25, 0.2, nan, 0.4",COMMISSION_PCT EMPLOYEES FLOAT ,"COMMISSION_PCT: {0.15, 0.25, 0.2, nan, 0.4}"
entity_20,column,entity_10,HR_ORACLE,MANAGER_ID,EMPLOYEES,NUMBER,FOREIGN KEY,"122, 123, 108, 148, 101",MANAGER_ID EMPLOYEES NUMBER FOREIGN KEY,"MANAGER_ID: {122, 123, 108, 148, 101}"
entity_21,column,entity_10,HR_ORACLE,DEPARTMENT_ID,EMPLOYEES,NUMBER,FOREIGN KEY,"80, 90, 10, 40, 50",DEPARTMENT_ID EMPLOYEES NUMBER FOREIGN KEY,"DEPARTMENT_ID: {80, 90, 10, 40, 50}"
entity_22,table,entity_0,HR_ORACLE,JOB_HISTORY,,,,"EMPLOYEE ID, START DATE, END DATE, JOB ID, DEPARTMENT ID","JOB_HISTORY [EMPLOYEE ID, START DATE, END DATE, JOB ID, DEPARTMENT ID]","JOB_HISTORY: {EMPLOYEE ID, START DATE, END DATE, JOB ID, DEPARTMENT ID}"
entity_23,column,entity_22,HR_ORACLE,EMPLOYEE_ID,JOB_HISTORY,NUMBER,PRIMARY KEY,"176, 201, 114, 102, 101",EMPLOYEE_ID JOB_HISTORY NUMBER PRIMARY KEY,"EMPLOYEE_ID: {176, 201, 114, 102, 101}"
entity_24,column,entity_22,HR_ORACLE,START_DATE,JOB_HISTORY,DATE,,"17-FEB-04, 24-MAR-06, 28-OCT-01, 01-JAN-07, 01-JUL-02",START_DATE JOB_HISTORY DATE ,"START_DATE: {17-FEB-04, 24-MAR-06, 28-OCT-01, 01-JAN-07, 01-JUL-02}"
entity_25,column,entity_22,HR_ORACLE,END_DATE,JOB_HISTORY,DATE,,"31-DEC-06, 15-MAR-05, 19-DEC-07, 24-JUL-06, 31-DEC-07",END_DATE JOB_HISTORY DATE ,"END_DATE: {31-DEC-06, 15-MAR-05, 19-DEC-07, 24-JUL-06, 31-DEC-07}"
entity_26,column,entity_22,HR_ORACLE,JOB_ID,JOB_HISTORY,VARCHAR2,FOREIGN KEY,"AD_ASST, ST_CLERK, IT_PROG, AC_ACCOUNT, SA_MAN",JOB_ID JOB_HISTORY VARCHAR2 FOREIGN KEY,"JOB_ID: {AD_ASST, ST_CLERK, IT_PROG, AC_ACCOUNT, SA_MAN}"
entity_27,column,entity_22,HR_ORACLE,DEPARTMENT_ID,JOB_HISTORY,NUMBER,FOREIGN KEY,"90, 20, 80, 60, 110",DEPARTMENT_ID JOB_HISTORY NUMBER FOREIGN KEY,"DEPARTMENT_ID: {90, 20, 80, 60, 110}"
entity_28,table,entity_0,HR_ORACLE,JOBS,,,,"JOB ID, JOB TITLE, MIN SALARY, MAX SALARY","JOBS [JOB ID, JOB TITLE, MIN SALARY, MAX SALARY]","JOBS: {JOB ID, JOB TITLE, MIN SALARY, MAX SALARY}"
entity_29,column,entity_28,HR_ORACLE,JOB_ID,JOBS,VARCHAR2,PRIMARY KEY,"ST_CLERK, AD_PRES, FI_MGR, AD_VP, MK_MAN",JOB_ID JOBS VARCHAR2 PRIMARY KEY,"JOB_ID: {ST_CLERK, AD_PRES, FI_MGR, AD_VP, MK_MAN}"
entity_30,column,entity_28,HR_ORACLE,JOB_TITLE,JOBS,VARCHAR2,,"Stock Manager, Shipping Clerk, Marketing Representative, Sales Representative, Public Accountant",JOB_TITLE JOBS VARCHAR2 ,"JOB_TITLE: {Stock Manager, Shipping Clerk, Marketing Representative, Sales Representative, Public Accountant}"
entity_31,column,entity_28,HR_ORACLE,MIN_SALARY,JOBS,NUMBER,,"20080, 4500, 4000, 5500, 15000",MIN_SALARY JOBS NUMBER ,"MIN_SALARY: {20080, 4500, 4000, 5500, 15000}"
entity_32,column,entity_28,HR_ORACLE,MAX_SALARY,JOBS,NUMBER,,"5500, 10500, 8500, 40000, 30000",MAX_SALARY JOBS NUMBER ,"MAX_SALARY: {5500, 10500, 8500, 40000, 30000}"
entity_33,table,entity_0,HR_ORACLE,LOCATIONS,,,,"LOCATION ID, STREET ADDRESS, POSTAL CODE, CITY, STATE PROVINCE, COUNTRY ID","LOCATIONS [LOCATION ID, STREET ADDRESS, POSTAL CODE, CITY, STATE PROVINCE, COUNTRY ID]","LOCATIONS: {LOCATION ID, STREET ADDRESS, POSTAL CODE, CITY, STATE PROVINCE, COUNTRY ID}"
entity_34,column,entity_33,HR_ORACLE,LOCATION_ID,LOCATIONS,NUMBER,PRIMARY KEY,"2000, 2400, 2900, 1600, 1900",LOCATION_ID LOCATIONS NUMBER PRIMARY KEY,"LOCATION_ID: {2000, 2400, 2900, 1600, 1900}"
entity_35,column,entity_33,HR_ORACLE,STREET_ADDRESS,LOCATIONS,VARCHAR2,,"Mariano Escobedo 9991, 2011 Interiors Blvd, 147 Spadina Ave, 2007 Zagora St, 1298 Vileparle (E)",STREET_ADDRESS LOCATIONS VARCHAR2 ,"STREET_ADDRESS: {Mariano Escobedo 9991, 2011 Interiors Blvd, 147 Spadina Ave, 2007 Zagora St, 1298 Vileparle (E)}"
entity_36,column,entity_33,HR_ORACLE,POSTAL_CODE,LOCATIONS,VARCHAR2,,"540198, nan, 1689, 00989, 80925",POSTAL_CODE LOCATIONS VARCHAR2 ,"POSTAL_CODE: {540198, nan, 1689, 00989, 80925}"
entity_37,column,entity_33,HR_ORACLE,CITY,LOCATIONS,VARCHAR2,,"Hiroshima, Seattle, Oxford, Bombay, Tokyo",CITY LOCATIONS VARCHAR2 ,"CITY: {Hiroshima, Seattle, Oxford, Bombay, Tokyo}"
entity_38,column,entity_33,HR_ORACLE,STATE_PROVINCE,LOCATIONS,VARCHAR2,,"Texas, Oxford, Utrecht, Washington, Tokyo Prefecture",STATE_PROVINCE LOCATIONS VARCHAR2 ,"STATE_PROVINCE: {Texas, Oxford, Utrecht, Washington, Tokyo Prefecture}"
entity_39,column,entity_33,HR_ORACLE,COUNTRY_ID,LOCATIONS,VARCHAR2,FOREIGN KEY,"CA, IN, US, UK, DE",COUNTRY_ID LOCATIONS VARCHAR2 FOREIGN KEY,"COUNTRY_ID: {CA, IN, US, UK, DE}"
entity_40,table,entity_0,HR_ORACLE,REGIONS,,,,"REGION ID, REGION NAME","REGIONS [REGION ID, REGION NAME]","REGIONS: {REGION ID, REGION NAME}"
entity_41,column,entity_40,HR_ORACLE,REGION_ID,REGIONS,NUMBER,PRIMARY KEY,4,REGION_ID REGIONS NUMBER PRIMARY KEY,REGION_ID: {4}
entity_42,column,entity_40,HR_ORACLE,REGION_NAME,REGIONS,VARCHAR2,,Asia,REGION_NAME REGIONS VARCHAR2 ,REGION_NAME: {Asia}
entity_44,table,entity_43,OC_ORACLE,CUSTOMERS,,,,"CUSTOMER ID, EMAIL ADDRESS, FULL NAME","CUSTOMERS [CUSTOMER ID, EMAIL ADDRESS, FULL NAME]","CUSTOMERS: {CUSTOMER ID, EMAIL ADDRESS, FULL NAME}"
entity_45,column,entity_44,OC_ORACLE,CUSTOMER_ID,CUSTOMERS,NUMBER,PRIMARY KEY,"22, 261, 310, 379, 367",CUSTOMER_ID CUSTOMERS NUMBER PRIMARY KEY,"CUSTOMER_ID: {22, 261, 310, 379, 367}"
entity_46,column,entity_44,OC_ORACLE,EMAIL_ADDRESS,CUSTOMERS,VARCHAR2,,"dania.grizzard@internalmail, adan.lamica@internalmail, frank.perez@internalmail, margaret.bennett@internalmail, james.smith@internalmail",EMAIL_ADDRESS CUSTOMERS VARCHAR2 ,"EMAIL_ADDRESS: {dania.grizzard@internalmail, adan.lamica@internalmail, frank.perez@internalmail, margaret.bennett@internalmail, james.smith@internalmail}"
entity_47,column,entity_44,OC_ORACLE,FULL_NAME,CUSTOMERS,VARCHAR2,,"Chassidy Hinderaker, Dorathy Hutchings, Michael Marker, Leon Schoepfer, Scotty Goffredo",FULL_NAME CUSTOMERS VARCHAR2 ,"FULL_NAME: {Chassidy Hinderaker, Dorathy Hutchings, Michael Marker, Leon Schoepfer, Scotty Goffredo}"
entity_48,table,entity_43,OC_ORACLE,INVENTORY,,,,"INVENTORY ID, STORE ID, PRODUCT ID, PRODUCT INVENTORY","INVENTORY [INVENTORY ID, STORE ID, PRODUCT ID, PRODUCT INVENTORY]","INVENTORY: {INVENTORY ID, STORE ID, PRODUCT ID, PRODUCT INVENTORY}"
entity_49,column,entity_48,OC_ORACLE,INVENTORY_ID,INVENTORY,NUMBER,PRIMARY KEY,"41, 481, 225, 243, 196",INVENTORY_ID INVENTORY NUMBER PRIMARY KEY,"INVENTORY_ID: {41, 481, 225, 243, 196}"
entity_50,column,entity_48,OC_ORACLE,STORE_ID,INVENTORY,NUMBER,FOREIGN KEY REFERENCES stores (store_id),"1, 19, 16, 22, 5",STORE_ID INVENTORY NUMBER FOREIGN KEY,"STORE_ID: {1, 19, 16, 22, 5}"
entity_51,column,entity_48,OC_ORACLE,PRODUCT_ID,INVENTORY,NUMBER,FOREIGN KEY REFERENCES products (product_id),"45, 29, 44, 42, 8",PRODUCT_ID INVENTORY NUMBER FOREIGN KEY,"PRODUCT_ID: {45, 29, 44, 42, 8}"
entity_52,column,entity_48,OC_ORACLE,PRODUCT_INVENTORY,INVENTORY,NUMBER,,"18, 17, 4, 11, 10",PRODUCT_INVENTORY INVENTORY NUMBER ,"PRODUCT_INVENTORY: {18, 17, 4, 11, 10}"
entity_53,table,entity_43,OC_ORACLE,ORDER_ITEMS,,,,"ORDER ID, LINE ITEM ID, PRODUCT ID, UNIT PRICE, QUANTITY, SHIPMENT ID","ORDER_ITEMS [ORDER ID, LINE ITEM ID, PRODUCT ID, UNIT PRICE, QUANTITY, SHIPMENT ID]","ORDER_ITEMS: {ORDER ID, LINE ITEM ID, PRODUCT ID, UNIT PRICE, QUANTITY, SHIPMENT ID}"
entity_54,column,entity_53,OC_ORACLE,ORDER_ID,ORDER_ITEMS,NUMBER,PRIMARY KEY,"908, 85, 458, 130, 48",ORDER_ID ORDER_ITEMS NUMBER PRIMARY KEY,"ORDER_ID: {908, 85, 458, 130, 48}"
entity_55,column,entity_53,OC_ORACLE,LINE_ITEM_ID,ORDER_ITEMS,NUMBER,PRIMARY KEY,3,LINE_ITEM_ID ORDER_ITEMS NUMBER PRIMARY KEY,LINE_ITEM_ID: {3}
entity_56,column,entity_53,OC_ORACLE,PRODUCT_ID,ORDER_ITEMS,NUMBER,FOREIGN KEY REFERENCES products (product_id),"32, 3, 8, 16, 15",PRODUCT_ID ORDER_ITEMS NUMBER FOREIGN KEY,"PRODUCT_ID: {32, 3, 8, 16, 15}"
entity_57,column,entity_53,OC_ORACLE,UNIT_PRICE,ORDER_ITEMS,FLOAT,,"48.39, 24.71, 23.32, 30.69, 11.0",UNIT_PRICE ORDER_ITEMS FLOAT ,"UNIT_PRICE: {48.39, 24.71, 23.32, 30.69, 11.0}"
entity_58,column,entity_53,OC_ORACLE,QUANTITY,ORDER_ITEMS,NUMBER,,"2, 4, 3, 5, 1",QUANTITY ORDER_ITEMS NUMBER ,"QUANTITY: {2, 4, 3, 5, 1}"
entity_59,column,entity_53,OC_ORACLE,SHIPMENT_ID,ORDER_ITEMS,FLOAT,FOREIGN KEY REFERENCES shipments (shipment_id),"246.0, 1770.0, 1786.0, 123.0, 506.0",SHIPMENT_ID ORDER_ITEMS FLOAT FOREIGN KEY,"SHIPMENT_ID: {246.0, 1770.0, 1786.0, 123.0, 506.0}"
entity_60,table,entity_43,OC_ORACLE,ORDERS,,,,"ORDER ID, ORDER DATE TIME, CUSTOMER ID, ORDER STATUS, STORE ID","ORDERS [ORDER ID, ORDER DATE TIME, CUSTOMER ID, ORDER STATUS, STORE ID]","ORDERS: {ORDER ID, ORDER DATE TIME, CUSTOMER ID, ORDER STATUS, STORE ID}"
entity_61,column,entity_60,OC_ORACLE,ORDER_ID,ORDERS,NUMBER,PRIMARY KEY,"1101, 171, 1494, 1945, 946",ORDER_ID ORDERS NUMBER PRIMARY KEY,"ORDER_ID: {1101, 171, 1494, 1945, 946}"
entity_62,column,entity_60,OC_ORACLE,ORDER_DATETIME,ORDERS,DATE,,"06-MAR-19 12.36.19.692532000 PM, 12-MAR-19 12.49.36.705140000 PM, 24-JAN-19 07.19.32.303101000 AM, 25-JAN-19 06.35.35.748511000 PM, 03-MAR-19 09.15.47.418670000 AM",ORDER_DATETIME ORDERS DATE ,"ORDER_DATETIME: {06-MAR-19 12.36.19.692532000 PM, 12-MAR-19 12.49.36.705140000 PM, 24-JAN-19 07.19.32.303101000 AM, 25-JAN-19 06.35.35.748511000 PM, 03-MAR-19 09.15.47.418670000 AM}"
entity_63,column,entity_60,OC_ORACLE,CUSTOMER_ID,ORDERS,NUMBER,FOREIGN KEY REFERENCES customers (customer_id),"136, 170, 44, 168, 17",CUSTOMER_ID ORDERS NUMBER FOREIGN KEY,"CUSTOMER_ID: {136, 170, 44, 168, 17}"
entity_64,column,entity_60,OC_ORACLE,ORDER_STATUS,ORDERS,VARCHAR2,,REFUNDED,ORDER_STATUS ORDERS VARCHAR2 ,ORDER_STATUS: {REFUNDED}
entity_65,column,entity_60,OC_ORACLE,STORE_ID,ORDERS,NUMBER,FOREIGN KEY REFERENCES stores (store_id),"15, 5, 2, 20, 8",STORE_ID ORDERS NUMBER FOREIGN KEY,"STORE_ID: {15, 5, 2, 20, 8}"
entity_66,table,entity_43,OC_ORACLE,PRODUCTS,,,,"PRODUCT ID, PRODUCT NAME, UNIT PRICE, PRODUCT DETAILS, PRODUCT IMAGE, IMAGE MIME TYPE, IMAGE FILENAME, IMAGE CHAR SET, IMAGE LAST UPDATED","PRODUCTS [PRODUCT ID, PRODUCT NAME, UNIT PRICE, PRODUCT DETAILS, PRODUCT IMAGE, IMAGE MIME TYPE, IMAGE FILENAME, IMAGE CHAR SET, IMAGE LAST UPDATED]","PRODUCTS: {PRODUCT ID, PRODUCT NAME, UNIT PRICE, PRODUCT DETAILS, PRODUCT IMAGE, IMAGE MIME TYPE, IMAGE FILENAME, IMAGE CHAR SET, IMAGE LAST UPDATED}"
entity_67,column,entity_66,OC_ORACLE,PRODUCT_ID,PRODUCTS,NUMBER,PRIMARY KEY,"38, 8, 45, 40, 17",PRODUCT_ID PRODUCTS NUMBER PRIMARY KEY,"PRODUCT_ID: {38, 8, 45, 40, 17}"
entity_68,column,entity_66,OC_ORACLE,PRODUCT_NAME,PRODUCTS,VARCHAR2,,"Girl's Shorts (Green), Women's Trousers (Blue), Women's Pyjamas (Grey), Boy's Jeans (Black), Men's Shorts (Black)",PRODUCT_NAME PRODUCTS VARCHAR2 ,"PRODUCT_NAME: {Girl's Shorts (Green), Women's Trousers (Blue), Women's Pyjamas (Grey), Boy's Jeans (Black), Men's Shorts (Black)}"
entity_69,column,entity_66,OC_ORACLE,UNIT_PRICE,PRODUCTS,FLOAT,,"39.78, 16.67, 37.34, 34.06, 48.75",UNIT_PRICE PRODUCTS FLOAT ,"UNIT_PRICE: {39.78, 16.67, 37.34, 34.06, 48.75}"
entity_70,column,entity_66,OC_ORACLE,PRODUCT_DETAILS,PRODUCTS,BLOB,,"{""colour"":""blue"",""gender"":""Women's"",""brand"":""TROLLERY""}, {""colour"":""brown"",""gender"":""Boy's"",""brand"":""KOFFEE""}, {""colour"":""red"",""gender"":""Men's"",""brand"":""VELOS""}, {""colour"":""red"",""gender"":""Men's"",""brand"":""FANGOLD""}, {""colour"":""brown"",""gender"":""Boy's"",""brand"":""GRONK""}",PRODUCT_DETAILS PRODUCTS BLOB ,PRODUCT_DETAILS: {(BLOB)}
entity_71,column,entity_66,OC_ORACLE,PRODUCT_IMAGE,PRODUCTS,BLOB,,(BLOB),PRODUCT_IMAGE PRODUCTS BLOB ,PRODUCT_IMAGE: {(BLOB)}
entity_72,column,entity_66,OC_ORACLE,IMAGE_MIME_TYPE,PRODUCTS,VARCHAR2,,,IMAGE_MIME_TYPE PRODUCTS BLOB ,IMAGE_MIME_TYPE: {}
entity_73,column,entity_66,OC_ORACLE,IMAGE_FILENAME,PRODUCTS,VARCHAR2,,,IMAGE_FILENAME PRODUCTS BLOB ,IMAGE_FILENAME: {}
entity_74,column,entity_66,OC_ORACLE,IMAGE_CHARSET,PRODUCTS,VARCHAR2,,,IMAGE_CHARSET PRODUCTS BLOB ,IMAGE_CHARSET: {}
entity_75,column,entity_66,OC_ORACLE,IMAGE_LAST_UPDATED,PRODUCTS,DATE,,,IMAGE_LAST_UPDATED PRODUCTS DATE ,IMAGE_LAST_UPDATED: {}
entity_76,table,entity_43,OC_ORACLE,SHIPMENTS,,,,"SHIPMENT ID, STORE ID, CUSTOMER ID, DELIVERY ADDRESS, SHIPMENT STATUS","SHIPMENTS [SHIPMENT ID, STORE ID, CUSTOMER ID, DELIVERY ADDRESS, SHIPMENT STATUS]","SHIPMENTS: {SHIPMENT ID, STORE ID, CUSTOMER ID, DELIVERY ADDRESS, SHIPMENT STATUS}"
entity_77,column,entity_76,OC_ORACLE,SHIPMENT_ID,SHIPMENTS,NUMBER,PRIMARY KEY,"1536, 907, 745, 38, 1210",SHIPMENT_ID SHIPMENTS NUMBER PRIMARY KEY,"SHIPMENT_ID: {1536, 907, 745, 38, 1210}"
entity_78,column,entity_76,OC_ORACLE,STORE_ID,SHIPMENTS,NUMBER,FOREIGN KEY REFERENCES stores (store_id),1,STORE_ID SHIPMENTS NUMBER FOREIGN KEY,STORE_ID: {1}
entity_79,column,entity_76,OC_ORACLE,CUSTOMER_ID,SHIPMENTS,NUMBER,FOREIGN KEY REFERENCES customers (customer_id),"350, 362, 78, 339, 319",CUSTOMER_ID SHIPMENTS NUMBER FOREIGN KEY,"CUSTOMER_ID: {350, 362, 78, 339, 319}"
entity_80,column,entity_76,OC_ORACLE,DELIVERY_ADDRESS,SHIPMENTS,VARCHAR2,,"Brush Creek, TN 38547 USA, Dorchester, IA 52140 USA, Walford, IA 52351 USA, Inwood, NY 11096 USA, Salisbury, PA 15558 USA",DELIVERY_ADDRESS SHIPMENTS VARCHAR2 ,"DELIVERY_ADDRESS: {Brush Creek, TN 38547 USA, Dorchester, IA 52140 USA, Walford, IA 52351 USA, Inwood, NY 11096 USA, Salisbury, PA 15558 USA}"
entity_81,column,entity_76,OC_ORACLE,SHIPMENT_STATUS,SHIPMENTS,VARCHAR2,,DELIVERED,SHIPMENT_STATUS SHIPMENTS VARCHAR2 ,SHIPMENT_STATUS: {DELIVERED}
entity_82,table,entity_43,OC_ORACLE,STORES,,,,"STORE ID, STORE NAME, WEB ADDRESS, PHYSICAL ADDRESS, LATITUDE, LONGITUDE, LOGO, LOGO MIME TYPE, LOGO FILENAME, LOGO CHAR SET, LOGO LAST UPDATED","STORES [STORE ID, STORE NAME, WEB ADDRESS, PHYSICAL ADDRESS, LATITUDE, LONGITUDE, LOGO, LOGO MIME TYPE, LOGO FILENAME, LOGO CHAR SET, LOGO LAST UPDATED]","STORES: {STORE ID, STORE NAME, WEB ADDRESS, PHYSICAL ADDRESS, LATITUDE, LONGITUDE, LOGO, LOGO MIME TYPE, LOGO FILENAME, LOGO CHAR SET, LOGO LAST UPDATED}"
entity_83,column,entity_82,OC_ORACLE,STORE_ID,STORES,NUMBER,PRIMARY KEY,"10, 16, 9, 11, 8",STORE_ID STORES NUMBER PRIMARY KEY,"STORE_ID: {10, 16, 9, 11, 8}"
entity_84,column,entity_82,OC_ORACLE,STORE_NAME,STORES,VARCHAR2,,"Mexico City, Sydney, London, Madrid, Online",STORE_NAME STORES VARCHAR2 ,"STORE_NAME: {Mexico City, Sydney, London, Madrid, Online}"
entity_85,column,entity_82,OC_ORACLE,WEB_ADDRESS,STORES,VARCHAR2,,,WEB_ADDRESS STORES VARCHAR2 ,WEB_ADDRESS: {}
entity_86,column,entity_82,OC_ORACLE,PHYSICAL_ADDRESS,STORES,VARCHAR2,,"First International Financial Center     Unit No. 501, Level 5     No. C54 1, G Block     Bandra Kurla Complex     CTS No. 4207, Kolekalyan Village     Mumbai - 400 051     India, 205 Lexington Ave     7th Floor     New York, NY 10016, Hertogswetering 163-167, 3543 AS Utrecht, Netherlands, 2 Chome-5-? Kitaaoyama, Minato City, Tokyo 107-0061, Japan, Montes Urales # 470 P3 Col. Lomas de Chapultepec Delegacion Miguel Hidalgo - C.P. 11000",PHYSICAL_ADDRESS STORES VARCHAR2 ,"PHYSICAL_ADDRESS: {First International Financial Center     Unit No. 501, Level 5     No. C54 1, G Block     Bandra Kurla Complex     CTS No. 4207, Kolekalyan Village     Mumbai - 400 051     India, 205 Lexington Ave     7th Floor     New York, NY 10016, Hertogswetering 163-167, 3543 AS Utrecht, Netherlands, 2 Chome-5-? Kitaaoyama, Minato City, Tokyo 107-0061, Japan, Montes Urales # 470 P3 Col. Lomas de Chapultepec Delegacion Miguel Hidalgo - C.P. 11000}"
entity_87,column,entity_82,OC_ORACLE,LATITUDE,STORES,FLOAT,,"nan, 41.878751, 52.103263, 40.745216, 32.100664",LATITUDE STORES FLOAT ,"LATITUDE: {nan, 41.878751, 52.103263, 40.745216, 32.100664}"
entity_88,column,entity_82,OC_ORACLE,LONGITUDE,STORES,FLOAT,,"77.220135, 72.870143, 139.718584, 116.290061, -122.267237",LONGITUDE STORES FLOAT ,"LONGITUDE: {77.220135, 72.870143, 139.718584, 116.290061, -122.267237}"
entity_89,column,entity_82,OC_ORACLE,LOGO,STORES,BLOB,,(BLOB),LOGO STORES BLOB ,LOGO: {(BLOB)}
entity_90,column,entity_82,OC_ORACLE,LOGO_MIME_TYPE,STORES,VARCHAR2,,,LOGO_MIME_TYPE STORES VARCHAR2 ,LOGO_MIME_TYPE: {}
entity_91,column,entity_82,OC_ORACLE,LOGO_FILENAME,STORES,VARCHAR2,,,LOGO_FILENAME STORES VARCHAR2 ,LOGO_FILENAME: {}
entity_92,column,entity_82,OC_ORACLE,LOGO_CHARSET,STORES,VARCHAR2,,,LOGO_CHARSET STORES VARCHAR2 ,LOGO_CHARSET: {}
entity_93,column,entity_82,OC_ORACLE,LOGO_LAST_UPDATED,STORES,DATE,,,LOGO_LAST_UPDATED STORES DATE ,LOGO_LAST_UPDATED: {}
entity_95,table,entity_94,OC_MYSQL,CUSTOMERS,,,,"customer Number, customer Name, contact LastName, contact First Name, phone, address Line 1, address Line 2, city, state, postal Code, country, sales Rep Employee Number, credit Limit","CUSTOMERS [customer Number, customer Name, contact LastName, contact First Name, phone, address Line 1, address Line 2, city, state, postal Code, country, sales Rep Employee Number, credit Limit]","CUSTOMERS: {customer Number, customer Name, contact LastName, contact First Name, phone, address Line 1, address Line 2, city, state, postal Code, country, sales Rep Employee Number, credit Limit}"
entity_96,column,entity_95,OC_MYSQL,CUSTOMERNUMBER,CUSTOMERS,NUMBER,PRIMARY KEY,"151, 456, 386, 168, 157",CUSTOMERNUMBER CUSTOMERS NUMBER PRIMARY KEY,"CUSTOMERNUMBER: {151, 456, 386, 168, 157}"
entity_97,column,entity_95,OC_MYSQL,CUSTOMERNAME,CUSTOMERS,VARCHAR2,,"L'ordine Souveniers, Online Mini Collectables, Gift Depot Inc., Warburg Exchange, NatÃ¯Â¿Â½rlich Autos",CUSTOMERNAME CUSTOMERS VARCHAR2 ,"CUSTOMERNAME: {L'ordine Souveniers, Online Mini Collectables, Gift Depot Inc., Warburg Exchange, NatÃ¯Â¿Â½rlich Autos}"
entity_98,column,entity_95,OC_MYSQL,CONTACTLASTNAME,CUSTOMERS,VARCHAR2,,"Tonini, Choi, Dewey, Saavedra, Yoshido",CONTACTLASTNAME CUSTOMERS VARCHAR2 ,"CONTACTLASTNAME: {Tonini, Choi, Dewey, Saavedra, Yoshido}"
entity_99,column,entity_95,OC_MYSQL,CONTACTFIRSTNAME,CUSTOMERS,VARCHAR2,,"Maria, Mel, Eric, Rachel, Pirkko",CONTACTFIRSTNAME CUSTOMERS VARCHAR2 ,"CONTACTFIRSTNAME: {Maria, Mel, Eric, Rachel, Pirkko}"
entity_100,column,entity_95,OC_MYSQL,PHONE,CUSTOMERS,VARCHAR2,,"2035552570, (171) 555-7555, 2015559350, 04 499 9555, 0555-09555",PHONE CUSTOMERS VARCHAR2 ,"PHONE: {2035552570, (171) 555-7555, 2015559350, 04 499 9555, 0555-09555}"
entity_101,column,entity_95,OC_MYSQL,ADDRESSLINE1,CUSTOMERS,VARCHAR2,,"Magazinweg 7, Forsterstr. 57, Ã¯Â¿Â½kergatan 24, TaucherstraÃ¯Â¿Â½e 10, 3 Hagalim Blv.",ADDRESSLINE1 CUSTOMERS VARCHAR2 ,"ADDRESSLINE1: {Magazinweg 7, Forsterstr. 57, Ã¯Â¿Â½kergatan 24, TaucherstraÃ¯Â¿Â½e 10, 3 Hagalim Blv.}"
entity_102,column,entity_95,OC_MYSQL,ADDRESSLINE2,CUSTOMERS,VARCHAR2,,"815 Pacific Hwy, Alessandro Volta 16, Suite 400, Floor No. 4, Level 3",ADDRESSLINE2 CUSTOMERS VARCHAR2 ,"ADDRESSLINE2: {815 Pacific Hwy, Alessandro Volta 16, Suite 400, Floor No. 4, Level 3}"
entity_103,column,entity_95,OC_MYSQL,CITY,CUSTOMERS,VARCHAR2,,"Strasbourg, Saint Petersburg, Glendale, Nashua, KÃ¯Â¿Â½ln",CITY CUSTOMERS VARCHAR2 ,"CITY: {Strasbourg, Saint Petersburg, Glendale, Nashua, KÃ¯Â¿Â½ln}"
entity_104,column,entity_95,OC_MYSQL,STATE,CUSTOMERS,VARCHAR2,,"Victoria, QuÃ¯Â¿Â½bec, Osaka, NV, nan",STATE CUSTOMERS VARCHAR2 ,"STATE: {Victoria, QuÃ¯Â¿Â½bec, Osaka, NV, nan}"
entity_105,column,entity_95,OC_MYSQL,POSTALCODE,CUSTOMERS,VARCHAR2,,"97562, 92561, 80686, 10100, 106-0032",POSTALCODE CUSTOMERS VARCHAR2 ,"POSTALCODE: {97562, 92561, 80686, 10100, 106-0032}"
entity_106,column,entity_95,OC_MYSQL,COUNTRY,CUSTOMERS,VARCHAR2,,"Japan, Switzerland, Israel, Russia, Norway",COUNTRY CUSTOMERS VARCHAR2 ,"COUNTRY: {Japan, Switzerland, Israel, Russia, Norway}"
entity_107,column,entity_95,OC_MYSQL,SALESREPEMPLOYEENUMBER,CUSTOMERS,NUMBER,FOREIGN KEY REFERENCES employees(employeeNumber),"1323, 1165, 1501, 0, 1504",SALESREPEMPLOYEENUMBER CUSTOMERS NUMBER FOREIGN KEY,"SALESREPEMPLOYEENUMBER: {1323, 1165, 1501, 0, 1504}"
entity_108,column,entity_95,OC_MYSQL,CREDITLIMIT,CUSTOMERS,FLOAT,,"55400.0, 123900.0, 41900.0, 0.0, 120800.0",CREDITLIMIT CUSTOMERS FLOAT ,"CREDITLIMIT: {55400.0, 123900.0, 41900.0, 0.0, 120800.0}"
entity_109,table,entity_94,OC_MYSQL,EMPLOYEES,,,,"employee Number, lastName, first Name, extension, email, office Code, reports To, job Title","EMPLOYEES [employee Number, lastName, first Name, extension, email, office Code, reports To, job Title]","EMPLOYEES: {employee Number, lastName, first Name, extension, email, office Code, reports To, job Title}"
entity_110,column,entity_109,OC_MYSQL,EMPLOYEENUMBER,EMPLOYEES,NUMBER,PRIMARY KEY,"1188, 1216, 1323, 1002, 1401",EMPLOYEENUMBER EMPLOYEES NUMBER PRIMARY KEY,"EMPLOYEENUMBER: {1188, 1216, 1323, 1002, 1401}"
entity_111,column,entity_109,OC_MYSQL,LASTNAME,EMPLOYEES,VARCHAR2,,"Tseng, Castillo, Firrelli, Bow, Fixter",LASTNAME EMPLOYEES VARCHAR2 ,"LASTNAME: {Tseng, Castillo, Firrelli, Bow, Fixter}"
entity_112,column,entity_109,OC_MYSQL,FIRSTNAME,EMPLOYEES,VARCHAR2,,"Julie, Peter, George, Yoshimi, Andy",FIRSTNAME EMPLOYEES VARCHAR2 ,"FIRSTNAME: {Julie, Peter, George, Yoshimi, Andy}"
entity_113,column,entity_109,OC_MYSQL,EXTENSION,EMPLOYEES,VARCHAR2,,"x9273, x2028, x6493, x101, x2248",EXTENSION EMPLOYEES VARCHAR2 ,"EXTENSION: {x9273, x2028, x6493, x101, x2248}"
entity_114,column,entity_109,OC_MYSQL,EMAIL,EMPLOYEES,VARCHAR2,,"afixter@classicmodelcars.com, ykato@classicmodelcars.com, spatterson@classicmodelcars.com, gbondur@classicmodelcars.com, mgerard@classicmodelcars.com",EMAIL EMPLOYEES VARCHAR2 ,"EMAIL: {afixter@classicmodelcars.com, ykato@classicmodelcars.com, spatterson@classicmodelcars.com, gbondur@classicmodelcars.com, mgerard@classicmodelcars.com}"
entity_115,column,entity_109,OC_MYSQL,OFFICECODE,EMPLOYEES,NUMBER,FOREIGN KEY REFERENCES offices(officeCode),"1, 3, 4, 2, 7",OFFICECODE EMPLOYEES NUMBER FOREIGN KEY,"OFFICECODE: {1, 3, 4, 2, 7}"
entity_116,column,entity_109,OC_MYSQL,REPORTSTO,EMPLOYEES,NUMBER,FOREIGN KEY REFERENCES employees(employeeNumber),"1102, 1143, 1056, 1088, 1621",REPORTSTO EMPLOYEES NUMBER FOREIGN KEY,"REPORTSTO: {1102, 1143, 1056, 1088, 1621}"
entity_117,column,entity_109,OC_MYSQL,JOBTITLE,EMPLOYEES,VARCHAR2,,"Sales Manager (APAC), Sales Manager (NA), President, Sale Manager (EMEA), VP Marketing",JOBTITLE EMPLOYEES VARCHAR2 ,"JOBTITLE: {Sales Manager (APAC), Sales Manager (NA), President, Sale Manager (EMEA), VP Marketing}"
entity_118,table,entity_94,OC_MYSQL,OFFICES,,,,"office Code, city, phone, address Line 1, address Line 2, state, country, postal Code, territory","OFFICES [office Code, city, phone, address Line 1, address Line 2, state, country, postal Code, territory]","OFFICES: {office Code, city, phone, address Line 1, address Line 2, state, country, postal Code, territory}"
entity_119,column,entity_118,OC_MYSQL,OFFICECODE,OFFICES,NUMBER,PRIMARY KEY,"2, 5, 1, 7, 6",OFFICECODE OFFICES NUMBER PRIMARY KEY,"OFFICECODE: {2, 5, 1, 7, 6}"
entity_120,column,entity_118,OC_MYSQL,CITY,OFFICES,VARCHAR2,,"Tokyo, San Francisco, Boston, Paris, NYC",CITY OFFICES VARCHAR2 ,"CITY: {Tokyo, San Francisco, Boston, Paris, NYC}"
entity_121,column,entity_118,OC_MYSQL,PHONE,OFFICES,VARCHAR2,,"+33 14 723 4404, +44 20 7877 2041, +61 2 9264 2451, +81 33 224 5000, +1 215 837 0825",PHONE OFFICES VARCHAR2 ,"PHONE: {+33 14 723 4404, +44 20 7877 2041, +61 2 9264 2451, +81 33 224 5000, +1 215 837 0825}"
entity_122,column,entity_118,OC_MYSQL,ADDRESSLINE1,OFFICES,VARCHAR2,,"1550 Court Place, 5-11 Wentworth Avenue, 43 Rue Jouffroy D'abbans, 523 East 53rd Street, 4-1 Kioicho",ADDRESSLINE1 OFFICES VARCHAR2 ,"ADDRESSLINE1: {1550 Court Place, 5-11 Wentworth Avenue, 43 Rue Jouffroy D'abbans, 523 East 53rd Street, 4-1 Kioicho}"
entity_123,column,entity_118,OC_MYSQL,ADDRESSLINE2,OFFICES,VARCHAR2,,"Suite 300, Suite 102, Level 7, Floor #2, apt. 5A",ADDRESSLINE2 OFFICES VARCHAR2 ,"ADDRESSLINE2: {Suite 300, Suite 102, Level 7, Floor #2, apt. 5A}"
entity_124,column,entity_118,OC_MYSQL,STATE,OFFICES,VARCHAR2,,"MA, CA, NY, Chiyoda-Ku, nan",STATE OFFICES VARCHAR2 ,"STATE: {MA, CA, NY, Chiyoda-Ku, nan}"
entity_125,column,entity_118,OC_MYSQL,COUNTRY,OFFICES,VARCHAR2,,"USA, UK, Australia, France, Japan",COUNTRY OFFICES VARCHAR2 ,"COUNTRY: {USA, UK, Australia, France, Japan}"
entity_126,column,entity_118,OC_MYSQL,POSTALCODE,OFFICES,VARCHAR2,,"94080, 102-8578, EC2N 1HN, NSW 2010, 02107",POSTALCODE OFFICES VARCHAR2 ,"POSTALCODE: {94080, 102-8578, EC2N 1HN, NSW 2010, 02107}"
entity_127,column,entity_118,OC_MYSQL,TERRITORY,OFFICES,VARCHAR2,,EMEA,TERRITORY OFFICES VARCHAR2 ,TERRITORY: {EMEA}
entity_128,table,entity_94,OC_MYSQL,ORDERDETAILS,,,,"order Number, product Code, quantity Ordered, price Each, order Line Number","ORDERDETAILS [order Number, product Code, quantity Ordered, price Each, order Line Number]","ORDERDETAILS: {order Number, product Code, quantity Ordered, price Each, order Line Number}"
entity_129,column,entity_128,OC_MYSQL,ORDERNUMBER,ORDERDETAILS,NUMBER,PRIMARY KEY FOREIGN KEY REFERENCES orders(orderNumber),"10145, 10140, 10303, 10337, 10279",ORDERNUMBER ORDERDETAILS NUMBER PRIMARY KEY FOREIGN KEY,"ORDERNUMBER: {10145, 10140, 10303, 10337, 10279}"
entity_130,column,entity_128,OC_MYSQL,PRODUCTCODE,ORDERDETAILS,VARCHAR2,PRIMARY KEY FOREIGN KEY REFERENCES products(productCode),"S18_3029, S72_1253, S700_2824, S24_1444, S10_4698",PRODUCTCODE ORDERDETAILS VARCHAR2 PRIMARY KEY FOREIGN KEY,"PRODUCTCODE: {S18_3029, S72_1253, S700_2824, S24_1444, S10_4698}"
entity_131,column,entity_128,OC_MYSQL,QUANTITYORDERED,ORDERDETAILS,NUMBER,,"55, 18, 28, 77, 50",QUANTITYORDERED ORDERDETAILS NUMBER ,"QUANTITYORDERED: {55, 18, 28, 77, 50}"
entity_132,column,entity_128,OC_MYSQL,PRICEEACH,ORDERDETAILS,FLOAT,,"63.98, 73.99, 49.13, 65.6, 59.83",PRICEEACH ORDERDETAILS FLOAT ,"PRICEEACH: {63.98, 73.99, 49.13, 65.6, 59.83}"
entity_133,column,entity_128,OC_MYSQL,ORDERLINENUMBER,ORDERDETAILS,NUMBER,,"17, 10, 4, 11, 8",ORDERLINENUMBER ORDERDETAILS NUMBER ,"ORDERLINENUMBER: {17, 10, 4, 11, 8}"
entity_134,table,entity_94,OC_MYSQL,ORDERS,,,,"order Number, order Date, required Date, shipped Date, status, comments, customer Number","ORDERS [order Number, order Date, required Date, shipped Date, status, comments, customer Number]","ORDERS: {order Number, order Date, required Date, shipped Date, status, comments, customer Number}"
entity_135,column,entity_134,OC_MYSQL,ORDERNUMBER,ORDERS,NUMBER,PRIMARY KEY,"10400, 10338, 10389, 10341, 10135",ORDERNUMBER ORDERS NUMBER PRIMARY KEY,"ORDERNUMBER: {10400, 10338, 10389, 10341, 10135}"
entity_136,column,entity_134,OC_MYSQL,ORDERDATE,ORDERS,DATE,,"2004-05-11, 2005-05-31, 2005-02-02, 2005-05-13, 2005-03-11",ORDERDATE ORDERS DATE ,"ORDERDATE: {2004-05-11, 2005-05-31, 2005-02-02, 2005-05-13, 2005-03-11}"
entity_137,column,entity_134,OC_MYSQL,REQUIREDDATE,ORDERS,DATE,,"2003-12-06, 2005-02-21, 2004-08-26, 2003-10-16, 2004-01-15",REQUIREDDATE ORDERS DATE ,"REQUIREDDATE: {2003-12-06, 2005-02-21, 2004-08-26, 2003-10-16, 2004-01-15}"
entity_138,column,entity_134,OC_MYSQL,SHIPPEDDATE,ORDERS,DATE,,"2004-02-12, 2004-01-27, 2004-04-10, 2005-04-27, 2005-03-28",SHIPPEDDATE ORDERS DATE ,"SHIPPEDDATE: {2004-02-12, 2004-01-27, 2004-04-10, 2005-04-27, 2005-03-28}"
entity_139,column,entity_134,OC_MYSQL,STATUS,ORDERS,VARCHAR2,,"Disputed, Resolved, Cancelled, On Hold, Shipped",STATUS ORDERS VARCHAR2 ,"STATUS: {Disputed, Resolved, Cancelled, On Hold, Shipped}"
entity_140,column,entity_134,OC_MYSQL,COMMENTS,ORDERS,VARCHAR2,,"Customer disputed the order and we agreed to cancel it. We must be more cautions with this customer going forward, since they are very hard to please. We must cover the shipping fees., Customer will send a truck to our local warehouse on 7/1/2004, Customer requested that ad materials (such as posters, pamphlets) be included in the shippment, Can we renegotiate this one?, Customer cancelled due to urgent budgeting issues. Must be cautious when dealing with them in the future. Since order shipped already we must discuss who would cover the shipping charges.",COMMENTS ORDERS VARCHAR2 ,"COMMENTS: {Customer disputed the order and we agreed to cancel it. We must be more cautions with this customer going forward, since they are very hard to please. We must cover the shipping fees., Customer will send a truck to our local warehouse on 7/1/2004, Customer requested that ad materials (such as posters, pamphlets) be included in the shippment, Can we renegotiate this one?, Customer cancelled due to urgent budgeting issues. Must be cautious when dealing with them in the future. Since order shipped already we must discuss who would cover the shipping charges.}"
entity_141,column,entity_134,OC_MYSQL,CUSTOMERNUMBER,ORDERS,NUMBER,FOREIGN KEY REFERENCES customers(customerNumber),"298, 314, 452, 201, 198",CUSTOMERNUMBER ORDERS NUMBER FOREIGN KEY,"CUSTOMERNUMBER: {298, 314, 452, 201, 198}"
entity_142,table,entity_94,OC_MYSQL,PAYMENTS,,,,"customer Number, check Number, payment Date, amount","PAYMENTS [customer Number, check Number, payment Date, amount]","PAYMENTS: {customer Number, check Number, payment Date, amount}"
entity_143,column,entity_142,OC_MYSQL,CUSTOMERNUMBER,PAYMENTS,NUMBER,PRIMARY KEY FOREIGN KEY REFERENCES customers(customerNumber),"495, 412, 166, 240, 148",CUSTOMERNUMBER PAYMENTS NUMBER PRIMARY KEY FOREIGN KEY,"CUSTOMERNUMBER: {495, 412, 166, 240, 148}"
entity_144,column,entity_142,OC_MYSQL,CHECKNUMBER,PAYMENTS,VARCHAR2,PRIMARY KEY,"JO719695, CN328545, NR27552, CA762595, MN89921",CHECKNUMBER PAYMENTS VARCHAR2 PRIMARY KEY,"CHECKNUMBER: {JO719695, CN328545, NR27552, CA762595, MN89921}"
entity_145,column,entity_142,OC_MYSQL,PAYMENTDATE,PAYMENTS,DATE,,"2005-05-18, 2004-02-17, 2004-12-05, 2004-08-09, 2003-02-20",PAYMENTDATE PAYMENTS DATE ,"PAYMENTDATE: {2005-05-18, 2004-02-17, 2004-12-05, 2004-08-09, 2003-02-20}"
entity_146,column,entity_142,OC_MYSQL,AMOUNT,PAYMENTS,FLOAT,,"36442.34, 15059.76, 3452.75, 32723.04, 1960.8",AMOUNT PAYMENTS FLOAT ,"AMOUNT: {36442.34, 15059.76, 3452.75, 32723.04, 1960.8}"
entity_147,table,entity_94,OC_MYSQL,PRODUCTLINES,,,,"product Line, text Description, html Description, image","PRODUCTLINES [product Line, text Description, html Description, image]","PRODUCTLINES: {product Line, text Description, html Description, image}"
entity_148,column,entity_147,OC_MYSQL,PRODUCTLINE,PRODUCTLINES,VARCHAR2,PRIMARY KEY,"Classic Cars, Ships, Planes, Trucks and Buses, Vintage Cars",PRODUCTLINE PRODUCTLINES VARCHAR2 PRIMARY KEY,"PRODUCTLINE: {Classic Cars, Ships, Planes, Trucks and Buses, Vintage Cars}"
entity_149,column,entity_147,OC_MYSQL,TEXTDESCRIPTION,PRODUCTLINES,VARCHAR2,,"Attention car enthusiasts: Make your wildest car ownership dreams come true. Whether you are looking for classic muscle cars, dream sports cars or movie-inspired miniatures, you will find great choices in this category. These replicas feature superb attention to detail and craftsmanship and offer features such as working steering system, opening forward compartment, opening rear trunk with removable spare wheel, 4-wheel independent spring suspension, and so on. The models range in size from 1:10 to 1:24 scale and include numerous limited edition and several out-of-production vehicles. All models include a certificate of authenticity from their manufacturers and come fully assembled and ready for display in the home or office., Unique, diecast airplane and helicopter replicas suitable for collections, as well as home, office or classroom decorations. Models contain stunning details such as official logos and insignias, rotating jet engines and propellers, retractable wheels, and so on. Most come fully assembled and with a certificate of authenticity from their manufacturers., Our motorcycles are state of the art replicas of classic as well as contemporary motorcycle legends such as Harley Davidson, Ducati and Vespa. Models contain stunning details such as official logos, rotating wheels, working kickstand, front suspension, gear-shift lever, footbrake lever, and drive chain. Materials used include diecast and plastic. The models range in size from 1:10 to 1:50 scale and include numerous limited edition and several out-of-production vehicles. All models come fully assembled and ready for display in the home or office. Most include a certificate of authenticity., Model trains are a rewarding hobby for enthusiasts of all ages. Whether you're looking for collectible wooden trains, electric streetcars or locomotives, you'll find a number of great choices for any budget within this category. The interactive aspect of trains makes toy trains perfect for young columnren. The wooden train sets are ideal for columnren under the age of 5., The Truck and Bus models are realistic replicas of buses and specialized trucks produced from the early 1920s to present. The models range in size from 1:12 to 1:50 scale and include numerous limited edition and several out-of-production vehicles. Materials used include tin, diecast and plastic. All models include a certificate of authenticity from their manufacturers and are a perfect ornament for the home and office.",TEXTDESCRIPTION PRODUCTLINES VARCHAR2 ,"TEXTDESCRIPTION: {Attention car enthusiasts: Make your wildest car ownership dreams come true. Whether you are looking for classic muscle cars, dream sports cars or movie-inspired miniatures, you will find great choices in this category. These replicas feature superb attention to detail and craftsmanship and offer features such as working steering system, opening forward compartment, opening rear trunk with removable spare wheel, 4-wheel independent spring suspension, and so on. The models range in size from 1:10 to 1:24 scale and include numerous limited edition and several out-of-production vehicles. All models include a certificate of authenticity from their manufacturers and come fully assembled and ready for display in the home or office., Unique, diecast airplane and helicopter replicas suitable for collections, as well as home, office or classroom decorations. Models contain stunning details such as official logos and insignias, rotating jet engines and propellers, retractable wheels, and so on. Most come fully assembled and with a certificate of authenticity from their manufacturers., Our motorcycles are state of the art replicas of classic as well as contemporary motorcycle legends such as Harley Davidson, Ducati and Vespa. Models contain stunning details such as official logos, rotating wheels, working kickstand, front suspension, gear-shift lever, footbrake lever, and drive chain. Materials used include diecast and plastic. The models range in size from 1:10 to 1:50 scale and include numerous limited edition and several out-of-production vehicles. All models come fully assembled and ready for display in the home or office. Most include a certificate of authenticity., Model trains are a rewarding hobby for enthusiasts of all ages. Whether you're looking for collectible wooden trains, electric streetcars or locomotives, you'll find a number of great choices for any budget within this category. The interactive aspect of trains makes toy trains perfect for young columnren. The wooden train sets are ideal for columnren under the age of 5., The Truck and Bus models are realistic replicas of buses and specialized trucks produced from the early 1920s to present. The models range in size from 1:12 to 1:50 scale and include numerous limited edition and several out-of-production vehicles. Materials used include tin, diecast and plastic. All models include a certificate of authenticity from their manufacturers and are a perfect ornament for the home and office.}"
entity_150,column,entity_147,OC_MYSQL,HTMLDESCRIPTION,PRODUCTLINES,VARCHAR2,,,HTMLDESCRIPTION PRODUCTLINES VARCHAR2 ,HTMLDESCRIPTION: {}
entity_151,column,entity_147,OC_MYSQL,IMAGE,PRODUCTLINES,BLOB,,,IMAGE PRODUCTLINES BLOB ,IMAGE: {}
entity_152,table,entity_94,OC_MYSQL,PRODUCTS,,,,"product Code, product Name, product Line, product Scale, product Vendor, product Description, quantity In Stock, buy Price, M SRP","PRODUCTS [product Code, product Name, product Line, product Scale, product Vendor, product Description, quantity In Stock, buy Price, M SRP]","PRODUCTS: {product Code, product Name, product Line, product Scale, product Vendor, product Description, quantity In Stock, buy Price, M SRP}"
entity_153,column,entity_152,OC_MYSQL,PRODUCTCODE,PRODUCTS,VARCHAR2,PRIMARY KEY,"S24_2766, S32_4289, S18_1662, S12_1666, S24_1578",PRODUCTCODE PRODUCTS VARCHAR2 PRIMARY KEY,"PRODUCTCODE: {S24_2766, S32_4289, S18_1662, S12_1666, S24_1578}"
entity_154,column,entity_152,OC_MYSQL,PRODUCTNAME,PRODUCTS,VARCHAR2,,"1928 British Royal Navy Airplane, 1937 Lincoln Berline, 1970 Chevy Chevelle SS 454, 1992 Porsche Cayenne Turbo Silver, 1982 Lamborghini Diablo",PRODUCTNAME PRODUCTS VARCHAR2 ,"PRODUCTNAME: {1928 British Royal Navy Airplane, 1937 Lincoln Berline, 1970 Chevy Chevelle SS 454, 1992 Porsche Cayenne Turbo Silver, 1982 Lamborghini Diablo}"
entity_155,column,entity_152,OC_MYSQL,PRODUCTLINE,PRODUCTS,VARCHAR2,FOREIGN KEY REFERENCES productlines(productLine),"Trains, Vintage Cars, Trucks and Buses, Classic Cars, Motorcycles",PRODUCTLINE PRODUCTS VARCHAR2 FOREIGN KEY,"PRODUCTLINE: {Trains, Vintage Cars, Trucks and Buses, Classic Cars, Motorcycles}"
entity_156,column,entity_152,OC_MYSQL,PRODUCTSCALE,PRODUCTS,VARCHAR2,,"1:24, 1:72, 1:50, 1:12, 1:10",PRODUCTSCALE PRODUCTS VARCHAR2 ,"PRODUCTSCALE: {1:24, 1:72, 1:50, 1:12, 1:10}"
entity_157,column,entity_152,OC_MYSQL,PRODUCTVENDOR,PRODUCTS,VARCHAR2,,"Autoart Studio Design, Min Lin Diecast, Studio M Art Models, Second Gear Diecast, Classic Metal Creations",PRODUCTVENDOR PRODUCTS VARCHAR2 ,"PRODUCTVENDOR: {Autoart Studio Design, Min Lin Diecast, Studio M Art Models, Second Gear Diecast, Classic Metal Creations}"
entity_158,column,entity_152,OC_MYSQL,PRODUCTDESCRIPTION,PRODUCTS,VARCHAR2,,"This replica features working kickstand; front suspension., Turnable front wheels; steering function; detailed interior., Official Moto Guzzi logos and insignias;., Hood; doors and trunk all open to reveal highly detailed interior features., Model features 30 windows; skylights & glare resistant glass.",PRODUCTDESCRIPTION PRODUCTS VARCHAR2 ,"PRODUCTDESCRIPTION: {1:12 scale model of a 1968 Dodge Charger. Hood, doors and trunk all open to reveal highly detailed interior features. Steering wheel actually turns the front wheels. Color black, Features opening hood, opening doors, opening trunk, wide white wall tires, front door arm rests, working steering system., Measures 38 inches Long x 33 3/4 inches High. Includes a stand.  Many extras including rigging, long boats, pilot house, anchors, etc. Comes with 2 masts, all square-rigged, Model features, official Harley Davidson logos and insignias, detachable rear wheelie bar, heavy diecast metal with resin parts, authentic multi-color tampo-printed graphics, separate engine drive belts, free-turning front fork, rotating tires and rear racing slick, certificate of authenticity, detailed engine, display stand  , precision diecast replica, baked enamel finish, 1:10 scale model, removable fender, seat and tank cover piece for displaying the superior detail of the v-twin engine, Exact replica. 100+ parts. working steering system, original logos}"
entity_159,column,entity_152,OC_MYSQL,QUANTITYINSTOCK,PRODUCTS,NUMBER,,"414, 2874, 1452, 6906, 2542",QUANTITYINSTOCK PRODUCTS NUMBER ,"QUANTITYINSTOCK: {414, 2874, 1452, 6906, 2542}"
entity_160,column,entity_152,OC_MYSQL,BUYPRICE,PRODUCTS,FLOAT,,"29.18, 60.74, 66.74, 21.75, 34.0",BUYPRICE PRODUCTS FLOAT ,"BUYPRICE: {29.18, 60.74, 66.74, 21.75, 34.0}"
entity_161,column,entity_152,OC_MYSQL,MSRP,PRODUCTS,FLOAT,,"68.79, 53.91, 136.59, 91.34, 117.44",MSRP PRODUCTS FLOAT ,"MSRP: {68.79, 53.91, 136.59, 91.34, 117.44}"
entity_163,table,entity_162,OC_SAP,CUSTOMER,CUSTOMER,,,"CUSTOMER ID, CITY ID, COUNTRY ID, REGION ID, CUSTOMER, CITY NAME, COUNTRY NAME, REGION NAME","CUSTOMER [CUSTOMER ID, CITY ID, COUNTRY ID, REGION ID, CUSTOMER, CITY NAME, COUNTRY NAME, REGION NAME]","CUSTOMER: {CUSTOMER ID, CITY ID, COUNTRY ID, REGION ID, CUSTOMER, CITY NAME, COUNTRY NAME, REGION NAME}"
entity_164,column,entity_163,OC_SAP,CUSTOMERID,CUSTOMER,NUMBER,PRIMARY KEY,"39, 43, 83, 42, 29",CUSTOMERID CUSTOMER NUMBER PRIMARY KEY,"CUSTOMERID: {39, 43, 83, 42, 29}"
entity_165,column,entity_163,OC_SAP,CITYID,CUSTOMER,NUMBER,FOREIGN KEY,"15, 9, 29, 21, 26",CITYID CUSTOMER NUMBER FOREIGN KEY,"CITYID: {15, 9, 29, 21, 26}"
entity_166,column,entity_163,OC_SAP,COUNTRYID,CUSTOMER,NUMBER,FOREIGN KEY,"7, 11, 15, 8, 6",COUNTRYID CUSTOMER NUMBER FOREIGN KEY,"COUNTRYID: {7, 11, 15, 8, 6}"
entity_167,column,entity_163,OC_SAP,REGIONID,CUSTOMER,NUMBER,FOREIGN KEY,"5, 1, 2, 4, 3",REGIONID CUSTOMER NUMBER FOREIGN KEY,"REGIONID: {5, 1, 2, 4, 3}"
entity_168,column,entity_163,OC_SAP,CUSTOMER,CUSTOMER,VARCHAR2,,"Tekmigear, Alltabuy, Cylons R Us, Quebertini, Tekmubuy",CUSTOMER CUSTOMER VARCHAR2 ,"CUSTOMER: {Tekmigear, Alltabuy, Cylons R Us, Quebertini, Tekmubuy}"
entity_169,column,entity_163,OC_SAP,CITYNAME,CUSTOMER,VARCHAR2,,"Toronto, Kyoto, London, Pragues, Marseilles",CITYNAME CUSTOMER VARCHAR2 ,"CITYNAME: {Toronto, Kyoto, London, Pragues, Marseilles}"
entity_170,column,entity_163,OC_SAP,COUNTRYNAME,CUSTOMER,VARCHAR2,,"Mexico, France, Spain, Japan, Colombia",COUNTRYNAME CUSTOMER VARCHAR2 ,"COUNTRYNAME: {Mexico, France, Spain, Japan, Colombia}"
entity_171,column,entity_163,OC_SAP,REGIONNAME,CUSTOMER,VARCHAR2,,"EEMEA, Europe, North America, Latin America, Asia PAC",REGIONNAME CUSTOMER VARCHAR2 ,"REGIONNAME: {EEMEA, Europe, North America, Latin America, Asia PAC}"
entity_172,table,entity_162,OC_SAP,PRODUCT,,,,"PRODUCT ID, CATEGORY ID, LINE ID, PRODUCT NAME, PRODUCT DESCRIPTION, CATEGORY NAME, CATEGORY DESCRIPTION, LINE NAME, LINE DESCRIPTION, DISCONTINUED, CAPACITY, SCREEN SIZE","PRODUCT [PRODUCT ID, CATEGORY ID, LINE ID, PRODUCT NAME, PRODUCT DESCRIPTION, CATEGORY NAME, CATEGORY DESCRIPTION, LINE NAME, LINE DESCRIPTION, DISCONTINUED, CAPACITY, SCREEN SIZE]","PRODUCT: {PRODUCT ID, CATEGORY ID, LINE ID, PRODUCT NAME, PRODUCT DESCRIPTION, CATEGORY NAME, CATEGORY DESCRIPTION, LINE NAME, LINE DESCRIPTION, DISCONTINUED, CAPACITY, SCREEN SIZE}"
entity_173,column,entity_172,OC_SAP,PRODUCTID,PRODUCT,NUMBER,PRIMARY KEY,"8, 34, 26, 50, 23",PRODUCTID PRODUCT NUMBER PRIMARY KEY,"PRODUCTID: {8, 34, 26, 50, 23}"
entity_174,column,entity_172,OC_SAP,CATEGORYID,PRODUCT,NUMBER,FOREIGN KEY,"5, 7, 9, 10, 13",CATEGORYID PRODUCT NUMBER FOREIGN KEY,"CATEGORYID: {5, 7, 9, 10, 13}"
entity_175,column,entity_172,OC_SAP,LINEID,PRODUCT,NUMBER,FOREIGN KEY,2,LINEID PRODUCT NUMBER FOREIGN KEY,LINEID: {2}
entity_176,column,entity_172,OC_SAP,PRODUCTNAME,PRODUCT,VARCHAR2,,"Berta Golf Clubs, Black diamond 6800, Nokia 7380, Tennis cap, Fusion Fridge",PRODUCTNAME PRODUCT VARCHAR2 ,"PRODUCTNAME: {Berta Golf Clubs, Black diamond 6800, Nokia 7380, Tennis cap, Fusion Fridge}"
entity_177,column,entity_172,OC_SAP,PRODUCTDESCRIPTION,PRODUCT,VARCHAR2,,"Nokia 6010, Samsung e335, UBR 7100, Golf Balls, XBOX",PRODUCTDESCRIPTION PRODUCT VARCHAR2 ,"PRODUCTDESCRIPTION: {Nokia 6010, Samsung e335, UBR 7100, Golf Balls, XBOX}"
entity_178,column,entity_172,OC_SAP,CATEGORYNAME,PRODUCT,VARCHAR2,,"Golf, Consoles, Ski, Nokia Handsets, nan",CATEGORYNAME PRODUCT VARCHAR2 ,"CATEGORYNAME: {Golf, Consoles, Ski, Nokia Handsets, nan}"
entity_179,column,entity_172,OC_SAP,CATEGORYDESCRIPTION,PRODUCT,VARCHAR2,,"Bikes, Motorola Handsets, Home Theater, nan, Ski",CATEGORYDESCRIPTION PRODUCT VARCHAR2 ,"CATEGORYDESCRIPTION: {Bikes, Motorola Handsets, Home Theater, nan, Ski}"
entity_180,column,entity_172,OC_SAP,LINENAME,PRODUCT,VARCHAR2,,,LINENAME PRODUCT VARCHAR2 ,LINENAME: {}
entity_181,column,entity_172,OC_SAP,LINEDESCRIPTION,PRODUCT,VARCHAR2,,Sports,LINEDESCRIPTION PRODUCT VARCHAR2 ,LINEDESCRIPTION: {Sports}
entity_182,column,entity_172,OC_SAP,DISCONTINUED,PRODUCT,NUMBER,,1,DISCONTINUED PRODUCT NUMBER ,DISCONTINUED: {1}
entity_183,column,entity_172,OC_SAP,CAPACITY,PRODUCT,VARCHAR2,,"3.8 cu.ft., nan, 18 cu.ft., 22 cu.ft., 3.3 cu.ft.",CAPACITY PRODUCT VARCHAR2 ,"CAPACITY: {3.8 cu.ft., nan, 18 cu.ft., 22 cu.ft., 3.3 cu.ft.}"
entity_184,column,entity_172,OC_SAP,SCREENSIZE,PRODUCT,VARCHAR2,,,SCREENSIZE PRODUCT VARCHAR2 ,SCREENSIZE: {}
entity_185,table,entity_162,OC_SAP,CUSTOMER_ORDER,,,,"ORDER ID, PRODUCT ID, CUSTOMER ID, EMPLOYEE ID, PROMOTION ID, TERRITORY ID, ORDER PERIOD ID, REQUIRED PERIOD ID, SHIPPED PERIOD ID, SHIPPER ID, UNIT PRICE, QUANTITY, DISCOUNT, UNIT SALES, NET SALES, UNIT COST, FREIGHT, COST, QUANTITY ORDERED, DELIVERED PERIOD ID","CUSTOMER_ORDER [ORDER ID, PRODUCT ID, CUSTOMER ID, EMPLOYEE ID, PROMOTION ID, TERRITORY ID, ORDER PERIOD ID, REQUIRED PERIOD ID, SHIPPED PERIOD ID, SHIPPER ID, UNIT PRICE, QUANTITY, DISCOUNT, UNIT SALES, NET SALES, UNIT COST, FREIGHT, COST, QUANTITY ORDERED, DELIVERED PERIOD ID]","CUSTOMER_ORDER: {ORDER ID, PRODUCT ID, CUSTOMER ID, EMPLOYEE ID, PROMOTION ID, TERRITORY ID, ORDER PERIOD ID, REQUIRED PERIOD ID, SHIPPED PERIOD ID, SHIPPER ID, UNIT PRICE, QUANTITY, DISCOUNT, UNIT SALES, NET SALES, UNIT COST, FREIGHT, COST, QUANTITY ORDERED, DELIVERED PERIOD ID}"
entity_186,column,entity_185,OC_SAP,ORDERID,CUSTOMER_ORDER,NUMBER,PRIMARY KEY,"6745, 7615, 3767, 1697, 201",ORDERID CUSTOMER_ORDER NUMBER PRIMARY KEY,"ORDERID: {6745, 7615, 3767, 1697, 201}"
entity_187,column,entity_185,OC_SAP,PRODUCTID,CUSTOMER_ORDER,NUMBER,FOREIGN KEY,"22, 2, 50, 36, 55",PRODUCTID CUSTOMER_ORDER NUMBER FOREIGN KEY,"PRODUCTID: {22, 2, 50, 36, 55}"
entity_188,column,entity_185,OC_SAP,CUSTOMERID,CUSTOMER_ORDER,NUMBER,FOREIGN KEY,"73, 58, 59, 15, 107",CUSTOMERID CUSTOMER_ORDER NUMBER FOREIGN KEY,"CUSTOMERID: {73, 58, 59, 15, 107}"
entity_189,column,entity_185,OC_SAP,EMPLOYEEID,CUSTOMER_ORDER,NUMBER,FOREIGN KEY,"27, 11, 17, 13, 5",EMPLOYEEID CUSTOMER_ORDER NUMBER FOREIGN KEY,"EMPLOYEEID: {27, 11, 17, 13, 5}"
entity_190,column,entity_185,OC_SAP,PROMOTIONID,CUSTOMER_ORDER,NUMBER,FOREIGN KEY,,PROMOTIONID CUSTOMER_ORDER NUMBER FOREIGN KEY,PROMOTIONID: {}
entity_191,column,entity_185,OC_SAP,TERRITORYID,CUSTOMER_ORDER,NUMBER,FOREIGN KEY,,TERRITORYID CUSTOMER_ORDER NUMBER FOREIGN KEY,TERRITORYID: {}
entity_192,column,entity_185,OC_SAP,ORDERPERIODID,CUSTOMER_ORDER,NUMBER,FOREIGN KEY,"2761, 2164, 1690, 2125, 2495",ORDERPERIODID CUSTOMER_ORDER NUMBER FOREIGN KEY,"ORDERPERIODID: {2761, 2164, 1690, 2125, 2495}"
entity_193,column,entity_185,OC_SAP,REQUIREDPERIODID,CUSTOMER_ORDER,NUMBER,FOREIGN KEY,"1653, 2486, 2670, 1726, 2935",REQUIREDPERIODID CUSTOMER_ORDER NUMBER FOREIGN KEY,"REQUIREDPERIODID: {1653, 2486, 2670, 1726, 2935}"
entity_194,column,entity_185,OC_SAP,SHIPPEDPERIODID,CUSTOMER_ORDER,NUMBER,FOREIGN KEY,"1688, 2710, 1537, 1490, 2235",SHIPPEDPERIODID CUSTOMER_ORDER NUMBER FOREIGN KEY,"SHIPPEDPERIODID: {1688, 2710, 1537, 1490, 2235}"
entity_195,column,entity_185,OC_SAP,SHIPPERID,CUSTOMER_ORDER,NUMBER,FOREIGN KEY,"7.0, 3.0, nan, 9.0, 5.0",SHIPPERID CUSTOMER_ORDER NUMBER FOREIGN KEY,"SHIPPERID: {7.0, 3.0, nan, 9.0, 5.0}"
entity_196,column,entity_185,OC_SAP,UNITPRICE,CUSTOMER_ORDER,NUMBER,,"2000, 190, 1300, 500, 15",UNITPRICE CUSTOMER_ORDER NUMBER ,"UNITPRICE: {2000, 190, 1300, 500, 15}"
entity_197,column,entity_185,OC_SAP,QUANTITY,CUSTOMER_ORDER,NUMBER,,"1145, 430, 1776, 272, 19",QUANTITY CUSTOMER_ORDER NUMBER ,"QUANTITY: {1145, 430, 1776, 272, 19}"
entity_198,column,entity_185,OC_SAP,DISCOUNT,CUSTOMER_ORDER,NUMBER,,"16, 23, 28, 18, 19",DISCOUNT CUSTOMER_ORDER NUMBER ,"DISCOUNT: {16, 23, 28, 18, 19}"
entity_199,column,entity_185,OC_SAP,UNITSALES,CUSTOMER_ORDER,NUMBER,,"35530, 344896, 60690, 47321, 165155",UNITSALES CUSTOMER_ORDER NUMBER ,"UNITSALES: {35530, 344896, 60690, 47321, 165155}"
entity_200,column,entity_185,OC_SAP,NETSALES,CUSTOMER_ORDER,FLOAT,,"20239.8, 146862.0, 8539.8, 266860.8, 267279.0",NETSALES CUSTOMER_ORDER FLOAT ,"NETSALES: {20239.8, 146862.0, 8539.8, 266860.8, 267279.0}"
entity_201,column,entity_185,OC_SAP,UNITCOST,CUSTOMER_ORDER,NUMBER,,"63, 142, 67, 412, 375",UNITCOST CUSTOMER_ORDER NUMBER ,"UNITCOST: {63, 142, 67, 412, 375}"
entity_202,column,entity_185,OC_SAP,FREIGHT,CUSTOMER_ORDER,FLOAT,,,FREIGHT CUSTOMER_ORDER FLOAT ,FREIGHT: {}
entity_203,column,entity_185,OC_SAP,COST,CUSTOMER_ORDER,NUMBER,,"592350, 183300, 1410, 65216, 27540",COST CUSTOMER_ORDER NUMBER ,"COST: {592350, 183300, 1410, 65216, 27540}"
entity_204,column,entity_185,OC_SAP,QUANTITYORDERED,CUSTOMER_ORDER,NUMBER,,,QUANTITYORDERED CUSTOMER_ORDER NUMBER ,QUANTITYORDERED: {}
entity_205,column,entity_185,OC_SAP,DELIVEREDPERIODID,CUSTOMER_ORDER,NUMBER,FOREIGN KEY,,DELIVEREDPERIODID CUSTOMER_ORDER NUMBER FOREIGN KEY,DELIVEREDPERIODID: {}
entity_207,table,entity_206,TPCH_SF1,customer,,,,"c_custkey, c_name, c_address, c_nationkey, c_phone, c_acctbal, c_mktsegment, c_comment","customer [c_custkey, c_name, c_address, c_nationkey, c_phone, c_acctbal, c_mktsegment, c_comment]","customer: {c_custkey, c_name, c_address, c_nationkey, c_phone, c_acctbal, c_mktsegment, c_comment}"
entity_208,column,entity_207,TPCH_SF1,c_custkey,customer,NUMBER,PRIMARY KEY,"4, 5, 6, 7, 8",c_custkey customer NUMBER PRIMARY KEY,"c_custkey: {4, 5, 6, 7, 8}"
entity_209,column,entity_207,TPCH_SF1,c_name,customer,VARCHAR2,,"Customer#000000004, Customer#000000005, Customer#000000006, Customer#000000007, Customer#000000008",c_name customer VARCHAR2,"c_name: {Customer#000000004, Customer#000000005, Customer#000000006, Customer#000000007, Customer#000000008}"
entity_210,column,entity_207,TPCH_SF1,c_address,customer,VARCHAR2,,"4u58h fqkyE, hwBtxkoBF qSW4KrIk5U 2B1AU7H,  g1s,pzDenUEBW3O,2 pxu0f9n2g64rJrt5E, 8OkMVLQ1dK6Mbu6WG9 w4pLGQ n7MQ, j,pZ,Qp,qtFEo0r0c 92qobZtlhSuOqbE4JGV",c_address customer VARCHAR2,"c_address: {4u58h fqkyE, hwBtxkoBF qSW4KrIk5U 2B1AU7H,  g1s,pzDenUEBW3O,2 pxu0f9n2g64rJrt5E, 8OkMVLQ1dK6Mbu6WG9 w4pLGQ n7MQ, j,pZ,Qp,qtFEo0r0c 92qobZtlhSuOqbE4JGV}"
entity_211,column,entity_207,TPCH_SF1,c_nationkey,customer,NUMBER,,"4, 3, 20, 18, 17",c_nationkey customer NUMBER,"c_nationkey: {4, 3, 20, 18, 17}"
entity_212,column,entity_207,TPCH_SF1,c_phone,customer,VARCHAR2,,"14-128-190-5944, 13-750-942-6364, 30-114-968-4951, 28-190-982-9759, 27-147-574-9335",c_phone customer VARCHAR2,"c_phone: {14-128-190-5944, 13-750-942-6364, 30-114-968-4951, 28-190-982-9759, 27-147-574-9335}"
entity_213,column,entity_207,TPCH_SF1,c_acctbal,customer,FLOAT,,"2866.83, 794.47, 7638.57, 9561.95, 6819.74",c_acctbal customer FLOAT,"c_acctbal: {2866.83, 794.47, 7638.57, 9561.95, 6819.74}"
entity_214,column,entity_207,TPCH_SF1,c_mktsegment,customer,VARCHAR2,,"MACHINERY, HOUSEHOLD, AUTOMOBILE, AUTOMOBILE, BUILDING",c_mktsegment customer VARCHAR2,"c_mktsegment: {MACHINERY, HOUSEHOLD, AUTOMOBILE, AUTOMOBILE, BUILDING}"
entity_215,column,entity_207,TPCH_SF1,c_comment,customer,VARCHAR2,," sublate. fluffily even instructions are about th, equests haggle furiously against the pending packa,  quickly silent asymptotes are slyly regular excuses. instructions wake furiously? quickly bold courts p, ounts. ironic, regular accounts sleep. final requests haggle quickly after the, riously final excuses sublate quickly among the fluffily even foxes. quickly final packages haggle furiously furi",c_comment customer VARCHAR2,"c_comment: { sublate. fluffily even instructions are about th, equests haggle furiously against the pending packa,  quickly silent asymptotes are slyly regular excuses. instructions wake furiously? quickly bold courts p, ounts. ironic, regular accounts sleep. final requests haggle quickly after the, riously final excuses sublate quickly among the fluffily even foxes. quickly final packages haggle furiously furi}"
entity_216,table,entity_206,TPCH_SF1,lineitem,,,,"l_orderkey, l_partkey, l_suppkey, l_linenumber, l_quantity, l_extendedprice, l_discount, l_tax, l_returnflag, l_linestatus, l_shipdate, l_commitdate, l_receiptdate, l_shipinstruct, l_shipmode, l_comment","lineitem [l_orderkey, l_partkey, l_suppkey, l_linenumber, l_quantity, l_extendedprice, l_discount, l_tax, l_returnflag, l_linestatus, l_shipdate, l_commitdate, l_receiptdate, l_shipinstruct, l_shipmode, l_comment]","lineitem: {l_orderkey, l_partkey, l_suppkey, l_linenumber, l_quantity, l_extendedprice, l_discount, l_tax, l_returnflag, l_linestatus, l_shipdate, l_commitdate, l_receiptdate, l_shipinstruct, l_shipmode, l_comment}"
entity_217,column,entity_216,TPCH_SF1,l_orderkey,lineitem,NUMBER,PRIMARY KEY FOREIGN KEY REFERENCES orders(O_ORDERKEY),"1, 1, 1, 2, 3",l_orderkey lineitem NUMBER PRIMARY KEY FOREIGN KEY,"l_orderkey: {1, 1, 1, 2, 3}"
entity_218,column,entity_216,TPCH_SF1,l_partkey,lineitem,NUMBER,FOREIGN KEY REFERENCES partsupp(PS_PARTKEY),"2132, 24027, 15635, 106170, 4297",l_partkey lineitem NUMBER FOREIGN KEY,"l_partkey: {2132, 24027, 15635, 106170, 4297}"
entity_219,column,entity_216,TPCH_SF1,l_suppkey,lineitem,NUMBER,FOREIGN KEY REFERENCES partsupp(PS_SUPPKEY),"4633, 1534, 638, 1191, 1798",l_suppkey lineitem NUMBER FOREIGN KEY,"l_suppkey: {4633, 1534, 638, 1191, 1798}"
entity_220,column,entity_216,TPCH_SF1,l_linenumber,lineitem,NUMBER,PRIMARY KEY,"4, 5, 6, 1, 1",l_linenumber lineitem NUMBER  PRIMARY KEY,"l_linenumber: {4, 5, 6, 1, 1}"
entity_221,column,entity_216,TPCH_SF1,l_quantity,lineitem,FLOAT,,"28.0, 24.0, 32.0, 38.0, 45.0",l_quantity lineitem FLOAT,"l_quantity: {28.0, 24.0, 32.0, 38.0, 45.0}"
entity_222,column,entity_216,TPCH_SF1,l_extendedprice,lineitem,FLOAT,,"28955.64, 22824.48, 49620.16, 44694.46, 54058.05",l_extendedprice lineitem FLOAT,"l_extendedprice: {28955.64, 22824.48, 49620.16, 44694.46, 54058.05}"
entity_223,column,entity_216,TPCH_SF1,l_discount,lineitem,FLOAT,,"0.09, 0.1, 0.07, 0.0, 0.06",l_discount lineitem FLOAT,"l_discount: {0.09, 0.1, 0.07, 0.0, 0.06}"
entity_224,column,entity_216,TPCH_SF1,l_tax,lineitem,FLOAT,,"0.06, 0.04, 0.02, 0.05, 0.0",l_tax lineitem FLOAT,"l_tax: {0.06, 0.04, 0.02, 0.05, 0.0}"
entity_225,column,entity_216,TPCH_SF1,l_returnflag,lineitem,VARCHAR2,,"N, N, N, N, R",l_returnflag lineitem VARCHAR2,"l_returnflag: {N, N, N, N, R}"
entity_226,column,entity_216,TPCH_SF1,l_linestatus,lineitem,VARCHAR2,,"O, O, O, O, F",l_linestatus lineitem VARCHAR2,"l_linestatus: {O, O, O, O, F}"
entity_227,column,entity_216,TPCH_SF1,l_shipdate,lineitem,DATE,,"1996-04-21, 1996-03-30, 1996-01-30, 1997-01-28, 1994-02-02",l_shipdate lineitem DATE,"l_shipdate: {1996-04-21, 1996-03-30, 1996-01-30, 1997-01-28, 1994-02-02}"
entity_228,column,entity_216,TPCH_SF1,l_commitdate,lineitem,DATE,,"1996-03-30, 1996-03-14, 1996-02-07, 1997-01-14, 1994-01-04",l_commitdate lineitem DATE,"l_commitdate: {1996-03-30, 1996-03-14, 1996-02-07, 1997-01-14, 1994-01-04}"
entity_229,column,entity_216,TPCH_SF1,l_receiptdate,lineitem,DATE,,"1996-05-16, 1996-04-01, 1996-02-03, 1997-02-02, 1994-02-23",l_receiptdate lineitem DATE,"l_receiptdate: {1996-05-16, 1996-04-01, 1996-02-03, 1997-02-02, 1994-02-23}"
entity_230,column,entity_216,TPCH_SF1,l_shipinstruct,lineitem,VARCHAR2,,"NONE, NONE, DELIVER IN PERSON, TAKE BACK RETURN, NONE",l_shipinstruct lineitem VARCHAR2,"l_shipinstruct: {NONE, NONE, DELIVER IN PERSON, TAKE BACK RETURN, NONE}"
entity_231,column,entity_216,TPCH_SF1,l_shipmode,lineitem,VARCHAR2,,"AIR, FOB, MAIL, RAIL, AIR",l_shipmode lineitem VARCHAR2,"l_shipmode: {AIR, FOB, MAIL, RAIL, AIR}"
entity_232,column,entity_216,TPCH_SF1,l_comment,lineitem,VARCHAR2,,"s cajole busily above t,  the regular, regular pa, rouches. special , re. enticingly regular instruct, s cajole above the pinto beans. iro",l_comment lineitem VARCHAR2,"l_comment: {s cajole busily above t,  the regular, regular pa, rouches. special , re. enticingly regular instruct, s cajole above the pinto beans. iro}"
entity_233,table,entity_206,TPCH_SF1,nation,,,,"n_nationkey, n_name, n_regionkey, n_comment","nation [n_nationkey, n_name, n_regionkey, n_comment]","nation: {n_nationkey, n_name, n_regionkey, n_comment}"
entity_234,column,entity_233,TPCH_SF1,n_nationkey,nation,NUMBER,PRIMARY KEY,"3, 4, 5, 6, 7",n_nationkey nation  NUMBER PRIMARY KEY,"n_nationkey: {3, 4, 5, 6, 7}"
entity_235,column,entity_233,TPCH_SF1,n_name,nation,VARCHAR2,,"CANADA, EGYPT, ETHIOPIA, FRANCE, GERMANY",n_name nation VARCHAR2,"n_name: {CANADA, EGYPT, ETHIOPIA, FRANCE, GERMANY}"
entity_236,column,entity_233,TPCH_SF1,n_regionkey,nation,NUMBER,FOREIGN KEY REFERENCES region(R_REGIONKEY),"1, 4, 0, 3, 3",n_regionkey nation NUMBER FOREIGN KEY,"n_regionkey: {1, 4, 0, 3, 3}"
entity_237,column,entity_233,TPCH_SF1,n_comment,nation,VARCHAR2,,"ss deposits wake across the pending foxes. packages after the carefully bold requests integrate caref, usly ironic, pending foxes. even, special instructions nag. sly, final foxes detect slyly fluffily , regular requests sleep carefull, oggedly. regular packages solve across, ong the regular requests: blithely silent pinto beans hagg",n_comment nation VARCHAR2,"n_comment: {ss deposits wake across the pending foxes. packages after the carefully bold requests integrate caref, usly ironic, pending foxes. even, special instructions nag. sly, final foxes detect slyly fluffily , regular requests sleep carefull, oggedly. regular packages solve across, ong the regular requests: blithely silent pinto beans hagg}"
entity_238,table,entity_206,TPCH_SF1,orders,,,,"o_orderkey, o_custkey, o_orderstatus, o_totalprice, o_orderdate, o_orderpriority, o_clerk, o_shippriority, o_comment","orders [o_orderkey, o_custkey, o_orderstatus, o_totalprice, o_orderdate, o_orderpriority, o_clerk, o_shippriority, o_comment]","orders: {o_orderkey, o_custkey, o_orderstatus, o_totalprice, o_orderdate, o_orderpriority, o_clerk, o_shippriority, o_comment}"
entity_239,column,entity_238,TPCH_SF1,o_orderkey,orders,NUMBER,PRIMARY KEY,"4, 5, 6, 7, 32",o_orderkey orders NUMBER PRIMARY KEY,"o_orderkey: {4, 5, 6, 7, 32}"
entity_240,column,entity_238,TPCH_SF1,o_custkey,orders,NUMBER,FOREIGN KEY REFERENCES customer(C_CUSTKEY),"136777, 44485, 55624, 39136, 130057",o_custkey orders NUMBER FOREIGN KEY,"o_custkey: {136777, 44485, 55624, 39136, 130057}"
entity_241,column,entity_238,TPCH_SF1,o_orderstatus,orders,VARCHAR2,,"O, F, F, O, O",o_orderstatus orders VARCHAR2,"o_orderstatus: {O, F, F, O, O}"
entity_242,column,entity_238,TPCH_SF1,o_totalprice,orders,FLOAT,,"32151.78, 144659.2, 58749.59, 252004.18, 208660.75",o_totalprice orders FLOAT,"o_totalprice: {32151.78, 144659.2, 58749.59, 252004.18, 208660.75}"
entity_243,column,entity_238,TPCH_SF1,o_orderdate,orders,DATE,,"1995-10-11, 1994-07-30, 1992-02-21, 1996-01-10, 1995-07-16",o_orderdate orders DATE,"o_orderdate: {1995-10-11, 1994-07-30, 1992-02-21, 1996-01-10, 1995-07-16}"
entity_244,column,entity_238,TPCH_SF1,o_orderpriority,orders,VARCHAR2,,"5-LOW, 5-LOW, 4-NOT SPECIFIED, 2-HIGH, 2-HIGH",o_orderpriority orders VARCHAR2,"o_orderpriority: {5-LOW, 5-LOW, 4-NOT SPECIFIED, 2-HIGH, 2-HIGH}"
entity_245,column,entity_238,TPCH_SF1,o_clerk,orders,VARCHAR2,,"Clerk#000000124, Clerk#000000925, Clerk#000000058, Clerk#000000470, Clerk#000000616",o_clerk orders VARCHAR2,"o_clerk: {Clerk#000000124, Clerk#000000925, Clerk#000000058, Clerk#000000470, Clerk#000000616}"
entity_246,column,entity_238,TPCH_SF1,o_shippriority,orders,NUMBER,,"0, 0, 0, 0, 0",o_shippriority orders NUMBER,"o_shippriority: {0, 0, 0, 0, 0}"
entity_247,column,entity_238,TPCH_SF1,o_comment,orders,VARCHAR2,,"st the furiously bold pinto beans. furiously pending theodolites cajol, onic requests. carefully daring foxes among the carefu, furiously ironic accounts haggle blithely carefully regular de, , ironic packages wa, ly about the carefully express theodolites. ironic, iron",o_comment orders VARCHAR2,"o_comment: {st the furiously bold pinto beans. furiously pending theodolites cajol, onic requests. carefully daring foxes among the carefu, furiously ironic accounts haggle blithely carefully regular de, , ironic packages wa, ly about the carefully express theodolites. ironic, iron}"
entity_248,table,entity_206,TPCH_SF1,part,,,,"p_partkey, p_name, p_mfgr, p_brand, p_type, p_size, p_container, p_retailprice, p_comment","part [p_partkey, p_name, p_mfgr, p_brand, p_type, p_size, p_container, p_retailprice, p_comment]","part: {p_partkey, p_name, p_mfgr, p_brand, p_type, p_size, p_container, p_retailprice, p_comment}"
entity_249,column,entity_248,TPCH_SF1,p_partkey,part,NUMBER,PRIMARY KEY,"4, 5, 6, 7, 8",p_partkey part NUMBER PRIMARY KEY,"p_partkey: {4, 5, 6, 7, 8}"
entity_250,column,entity_248,TPCH_SF1,p_name,part,VARCHAR2,,"cornflower chocolate smoke green pink, forest brown coral puff cream, bisque cornflower lawn forest magenta, moccasin green thistle khaki floral, misty lace thistle snow royal",p_name part VARCHAR2,"p_name: {cornflower chocolate smoke green pink, forest brown coral puff cream, bisque cornflower lawn forest magenta, moccasin green thistle khaki floral, misty lace thistle snow royal}"
entity_251,column,entity_248,TPCH_SF1,p_mfgr,part,VARCHAR2,,"Manufacturer#3, Manufacturer#3, Manufacturer#2, Manufacturer#1, Manufacturer#4",p_mfgr part VARCHAR2,"p_mfgr: {Manufacturer#3, Manufacturer#3, Manufacturer#2, Manufacturer#1, Manufacturer#4}"
entity_252,column,entity_248,TPCH_SF1,p_brand,part,VARCHAR2,,"Brand#34, Brand#32, Brand#24, Brand#11, Brand#44",p_brand part VARCHAR2,"p_brand: {Brand#34, Brand#32, Brand#24, Brand#11, Brand#44}"
entity_253,column,entity_248,TPCH_SF1,p_type,part,VARCHAR2,,"SMALL PLATED BRASS, STANDARD POLISHED TIN, PROMO PLATED STEEL, SMALL PLATED COPPER, PROMO BURNISHED TIN",p_type part VARCHAR2,"p_type: {SMALL PLATED BRASS, STANDARD POLISHED TIN, PROMO PLATED STEEL, SMALL PLATED COPPER, PROMO BURNISHED TIN}"
entity_254,column,entity_248,TPCH_SF1,p_size,part,NUMBER,,"14, 15, 4, 45, 41",p_size part NUMBER,"p_size: {14, 15, 4, 45, 41}"
entity_255,column,entity_248,TPCH_SF1,p_container,part,VARCHAR2,,"MED DRUM, SM PKG, MED BAG, SM BAG, LG DRUM",p_container part VARCHAR2,"p_container: {MED DRUM, SM PKG, MED BAG, SM BAG, LG DRUM}"
entity_256,column,entity_248,TPCH_SF1,p_retailprice,part,FLOAT,,"904.0, 905.0, 906.0, 907.0, 908.0",p_retailprice part FLOAT,"p_retailprice: {904.0, 905.0, 906.0, 907.0, 908.0}"
entity_257,column,entity_248,TPCH_SF1,p_comment,part,VARCHAR2,,"ckages. regul, pinto beans are , kages , gular pi, beans",p_comment part VARCHAR2,"p_comment: {ckages. regul, pinto beans are , kages , gular pi, beans}"
entity_258,table,entity_206,TPCH_SF1,partsupp,,,,"ps_partkey, ps_suppkey, ps_availqty, ps_supplycost, ps_comment","partsupp [ps_partkey, ps_suppkey, ps_availqty, ps_supplycost, ps_comment]","partsupp: {ps_partkey, ps_suppkey, ps_availqty, ps_supplycost, ps_comment}"
entity_259,column,entity_258,TPCH_SF1,ps_partkey,partsupp,NUMBER,PRIMARY KEY FOREIGN KEY REFERENCES part(P_PARTKEY),"1, 2, 2, 2, 2",ps_partkey partsupp NUMBER PRIMARY KEY FOREIGN KEY,"ps_partkey: {1, 2, 2, 2, 2}"
entity_260,column,entity_258,TPCH_SF1,ps_suppkey,partsupp,NUMBER,PRIMARY KEY FOREIGN KEY REFERENCES supplier(S_SUPPKEY),"7502, 3, 2503, 5003, 7503",ps_suppkey partsupp NUMBER PRIMARY KEY FOREIGN KEY,"ps_suppkey: {7502, 3, 2503, 5003, 7503}"
entity_261,column,entity_258,TPCH_SF1,ps_availqty,partsupp,NUMBER,,"4069, 8895, 4969, 8539, 3025",ps_availqty partsupp NUMBER,"ps_availqty: {4069, 8895, 4969, 8539, 3025}"
entity_262,column,entity_258,TPCH_SF1,ps_supplycost,partsupp,FLOAT,,"357.84, 378.49, 915.27, 438.37, 306.39",ps_supplycost partsupp FLOAT,"ps_supplycost: {357.84, 378.49, 915.27, 438.37, 306.39}"
entity_263,column,entity_258,TPCH_SF1,ps_comment,partsupp,VARCHAR2,,"press deposits. special courts about the slyly final accounts haggle blithely foxes. carefully unusual sauternes integrate fluffily. pending, pending foxes, sits. furiously regular packages boost blithely? requests affix slyly even packages. slyly express acco, deposits doze. slyly express pinto beans haggle blithely against the furiously unusual ideas. furiously regular accounts across the platelets nag carefully acro, s. furiously final dependencies boost slyly slyly regular accounts. final deposits sleep blithely. furiously final deposits mold slyly requests. special, close requests impress carefully unusual, ecial accounts cajole carefully bold deposits. even, regular foxes above the final d",ps_comment partsupp VARCHAR2,"ps_comment: {press deposits. special courts about the slyly final accounts haggle blithely foxes. carefully unusual sauternes integrate fluffily. pending, pending foxes, sits. furiously regular packages boost blithely? requests affix slyly even packages. slyly express acco, deposits doze. slyly express pinto beans haggle blithely against the furiously unusual ideas. furiously regular accounts across the platelets nag carefully acro, s. furiously final dependencies boost slyly slyly regular accounts. final deposits sleep blithely. furiously final deposits mold slyly requests. special, close requests impress carefully unusual, ecial accounts cajole carefully bold deposits. even, regular foxes above the final d}"
entity_264,table,entity_206,TPCH_SF1,region,,,,"r_regionkey, r_name, r_comment","region [r_regionkey, r_name, r_comment]","region: {r_regionkey, r_name, r_comment}"
entity_265,column,entity_264,TPCH_SF1,r_regionkey,region,NUMBER,PRIMARY KEY,"3, 4",r_regionkey region NUMBER PRIMARY KEY,"r_regionkey: {3, 4}"
entity_266,column,entity_264,TPCH_SF1,r_name,region,VARCHAR2,,"EUROPE, MIDDLE EAST",r_name region VARCHAR2,"r_name: {EUROPE, MIDDLE EAST}"
entity_267,column,entity_264,TPCH_SF1,r_comment,region,VARCHAR2,,"e dolphins are furiously about the carefully ,  foxes boost furiously along the carefully dogged tithes. slyly regular orbits according to the special epit",r_comment region VARCHAR2,"r_comment: {e dolphins are furiously about the carefully ,  foxes boost furiously along the carefully dogged tithes. slyly regular orbits according to the special epit}"
entity_268,table,entity_206,TPCH_SF1,supplier,,,,"s_suppkey, s_name, s_address, s_nationkey, s_phone, s_acctbal, s_comment","supplier [s_suppkey, s_name, s_address, s_nationkey, s_phone, s_acctbal, s_comment]","supplier: {s_suppkey, s_name, s_address, s_nationkey, s_phone, s_acctbal, s_comment}"
entity_269,column,entity_268,TPCH_SF1,s_suppkey,supplier,NUMBER,PRIMARY KEY,"4, 5, 6, 7, 8",s_suppkey supplier NUMBER PRIMARY KEY,"s_suppkey: {4, 5, 6, 7, 8}"
entity_270,column,entity_268,TPCH_SF1,s_name,supplier,VARCHAR2,,"Supplier#000000004, Supplier#000000005, Supplier#000000006, Supplier#000000007, Supplier#000000008",s_name supplier VARCHAR2,"s_name: {Supplier#000000004, Supplier#000000005, Supplier#000000006, Supplier#000000007, Supplier#000000008}"
entity_271,column,entity_268,TPCH_SF1,s_address,supplier,VARCHAR2,,"qGTQJXogS83a7MBnEweGHKevK, lONEYAh9sFWAF75tO, zaux5FTzToEg,  0W7IPdkpWycUbQ9Adp6B, S8AWPqjYlanEQlcDO2WV 97uCVtxCk",s_address supplier VARCHAR2,"s_address: {qGTQJXogS83a7MBnEweGHKevK, lONEYAh9sFWAF75tO, zaux5FTzToEg,  0W7IPdkpWycUbQ9Adp6B, S8AWPqjYlanEQlcDO2WV 97uCVtxCk}"
entity_272,column,entity_268,TPCH_SF1,s_nationkey,supplier,NUMBER,FOREIGN KEY REFERENCES nation(N_NATIONKEY),"15, 11, 14, 23, 17",s_nationkey supplier NUMBER FOREIGN KEY,"s_nationkey: {15, 11, 14, 23, 17}"
entity_273,column,entity_268,TPCH_SF1,s_phone,supplier,VARCHAR2,,"25-843-787-7479, 21-151-690-3663, 24-696-997-4969, 33-990-965-2201, 27-498-742-3860",s_phone supplier VARCHAR2,"s_phone: {25-843-787-7479, 21-151-690-3663, 24-696-997-4969, 33-990-965-2201, 27-498-742-3860}"
entity_274,column,entity_268,TPCH_SF1,s_acctbal,supplier,FLOAT,,"4641.08, -283.84, 1365.79, 6820.35, 7627.85",s_acctbal supplier FLOAT,"s_acctbal: {4641.08, -283.84, 1365.79, 6820.35, 7627.85}"
entity_275,column,entity_268,TPCH_SF1,s_comment,supplier,VARCHAR2,,"al braids affix through the regular, accounts. instructions ha,  sleep fluffily against the blithely special dugouts. furiously express th, ke across the slyly ironic packages. carefully special pinto beans wake blithely. even deposits los, iously about the bold packages. ",s_comment supplier VARCHAR2,"s_comment: {al braids affix through the regular, accounts. instructions ha,  sleep fluffily against the blithely special dugouts. furiously express th, ke across the slyly ironic packages. carefully special pinto beans wake blithely. even deposits los, iously about the bold packages. }"
entity_277,table,entity_276,SAKILA,actor,,,,"actor_id, first_name, last_name","actor [actor_id, first_name, last_name]","actor: {actor_id, first_name, last_name}"
entity_278,column,entity_277,SAKILA,actor_id,actor,NUMBER,PRIMARY KEY,"194, 40, 137, 104, 126",actor_id actor,"actor_id: {194, 40, 137, 104, 126}"
entity_279,column,entity_277,SAKILA,first_name,actor,VARCHAR2,,"BETTE, VIVIEN, JAMES, ANGELA, CARY",first_name actor,"first_name: {BETTE, VIVIEN, JAMES, ANGELA, CARY}"
entity_280,column,entity_277,SAKILA,last_name,actor,VARCHAR2,,"MCDORMAND, SOBIESKI, SUVARI, GOODING, PESCI",last_name actor,"last_name: {MCDORMAND, SOBIESKI, SUVARI, GOODING, PESCI}"
entity_281,table,entity_276,SAKILA,address,,,,"address_id, address, address2, district, city_id, postal_code, phone","address [address_id, address, address2, district, city_id, postal_code, phone]","address: {address_id, address, address2, district, city_id, postal_code, phone}"
entity_282,column,entity_281,SAKILA,address_id,address,NUMBER,PRIMARY KEY,"93, 348, 123, 46, 435",address_id address,"address_id: {93, 348, 123, 46, 435}"
entity_283,column,entity_281,SAKILA,address,address,VARCHAR2,,"507 Smolensk Loop, 1621 Tongliao Avenue, 154 Oshawa Manor, 1747 Rustenburg Place, 1837 Kaduna Parkway",address address,"address: {507 Smolensk Loop, 1621 Tongliao Avenue, 154 Oshawa Manor, 1747 Rustenburg Place, 1837 Kaduna Parkway}"
entity_284,column,entity_281,SAKILA,address2,address,VARCHAR2,,,address2 address,address2: {}
entity_285,column,entity_281,SAKILA,district,address,VARCHAR2,,"Piura, Kang-won, Tabora, Bauchi & Gombe, Denizli",district address,"district: {Piura, Kang-won, Tabora, Bauchi & Gombe, Denizli}"
entity_286,column,entity_281,SAKILA,city_id,address,NUMBER,FOREIGN KEY REFERENCES city(city_id),"565, 257, 438, 54, 230",city_id address,"city_id: {565, 257, 438, 54, 230}"
entity_287,column,entity_281,SAKILA,postal_code,address,VARCHAR2,,"59255, 47394, 7122, 75444, 91590",postal_code address,"postal_code: {59255, 47394, 7122, 75444, 91590}"
entity_288,column,entity_281,SAKILA,phone,address,VARCHAR2,,"48265851133, 650752094490, 246810237916, 488425406814, 880756161823",phone address,"phone: {48265851133, 650752094490, 246810237916, 488425406814, 880756161823}"
entity_289,table,entity_276,SAKILA,category,,,,"category_id, name","category [category_id, name]","category: {category_id, name}"
entity_290,column,entity_289,SAKILA,category_id,category,NUMBER,PRIMARY KEY,"12, 7, 15, 2, 6",category_id category,"category_id: {12, 7, 15, 2, 6}"
entity_291,column,entity_289,SAKILA,name,category,VARCHAR2,,"Sci-Fi, Classics, Drama, Action, Comedy",name category,"name: {Sci-Fi, Classics, Drama, Action, Comedy}"
entity_292,table,entity_276,SAKILA,city,,,,"city_id, city, country_id","city [city_id, city, country_id]","city: {city_id, city, country_id}"
entity_293,column,entity_292,SAKILA,city_id,city,NUMBER,PRIMARY KEY,"209, 150, 220, 549, 314",city_id city,"city_id: {209, 150, 220, 549, 314}"
entity_294,column,entity_292,SAKILA,city,city,VARCHAR2,,"Gulbarga, Tarlac, TÃ³rshavn, Woodridge, CÃ³rdoba",city city,"city: {Gulbarga, Tarlac, TÃ³rshavn, Woodridge, CÃ³rdoba}"
entity_295,column,entity_292,SAKILA,country_id,city,NUMBER,FOREIGN KEY REFERENCES country(country_id),"105, 55, 30, 82, 37",country_id city,"country_id: {105, 55, 30, 82, 37}"
entity_296,table,entity_276,SAKILA,country,,,,"country_id, country","country [country_id, country]","country: {country_id, country}"
entity_297,column,entity_296,SAKILA,country_id,country,NUMBER,PRIMARY KEY,"106, 54, 17, 104, 109",country_id country,"country_id: {106, 54, 17, 104, 109}"
entity_298,column,entity_296,SAKILA,country,country,VARCHAR2,,"Mexico, American Samoa, Kazakstan, Nepal, Argentina",country country,"country: {Mexico, American Samoa, Kazakstan, Nepal, Argentina}"
entity_299,table,entity_276,SAKILA,customer,,,,"customer_id, store_id, first_name, last_name, email, address_id, active, create_date","customer [customer_id, store_id, first_name, last_name, email, address_id, active, create_date]","customer: {customer_id, store_id, first_name, last_name, email, address_id, active, create_date}"
entity_300,column,entity_299,SAKILA,customer_id,customer,NUMBER,PRIMARY KEY,"309, 358, 550, 416, 253",customer_id customer,"customer_id: {309, 358, 550, 416, 253}"
entity_301,column,entity_299,SAKILA,store_id,customer,NUMBER,FOREIGN KEY REFERENCES store(store_id),"1, 2",store_id customer,"store_id: {1, 2}"
entity_302,column,entity_299,SAKILA,first_name,customer,VARCHAR2,,"CECIL, GLADYS, LEWIS, LLOYD, MARC",first_name customer,"first_name: {CECIL, GLADYS, LEWIS, LLOYD, MARC}"
entity_303,column,entity_299,SAKILA,last_name,customer,VARCHAR2,,"FRANKLIN, WRIGHT, CUNNINGHAM, GRUBER, ASHER",last_name customer,"last_name: {FRANKLIN, WRIGHT, CUNNINGHAM, GRUBER, ASHER}"
entity_304,column,entity_299,SAKILA,email,customer,VARCHAR2,,"WILLIE.HOWELL@sakilacustomer.org, KEN.PREWITT@sakilacustomer.org, ANDREA.HENDERSON@sakilacustomer.org, ZACHARY.HITE@sakilacustomer.org, TROY.QUIGLEY@sakilacustomer.org",email customer,"email: {WILLIE.HOWELL@sakilacustomer.org, KEN.PREWITT@sakilacustomer.org, ANDREA.HENDERSON@sakilacustomer.org, ZACHARY.HITE@sakilacustomer.org, TROY.QUIGLEY@sakilacustomer.org}"
entity_305,column,entity_299,SAKILA,address_id,customer,NUMBER,FOREIGN KEY REFERENCES address(address_id),"176, 116, 230, 327, 584",address_id customer,"address_id: {176, 116, 230, 327, 584}"
entity_306,column,entity_299,SAKILA,active,customer,NUMBER,,"1, 0",active customer,"active: {1, 0}"
entity_307,column,entity_299,SAKILA,create_date,customer,DATE,,"2006-02-14 22:04:37, 2006-02-14 22:04:36",create_date customer,"create_date: {2006-02-14 22:04:37, 2006-02-14 22:04:36}"
entity_308,table,entity_276,SAKILA,film,,,,"film_id, title, description, release_year, language_id, original_language_id, rental_duration, rental_rate, length, replacement_cost, rating, special_features","film [film_id, title, description, release_year, language_id, original_language_id, rental_duration, rental_rate, length, replacement_cost, rating, special_features]","film: {film_id, title, description, release_year, language_id, original_language_id, rental_duration, rental_rate, length, replacement_cost, rating, special_features}"
entity_309,column,entity_308,SAKILA,film_id,film,NUMBER,PRIMARY KEY,"755, 399, 161, 344, 11",film_id film,"film_id: {755, 399, 161, 344, 11}"
entity_310,column,entity_308,SAKILA,title,film,VARCHAR2,,"AMISTAD MIDSUMMER, SADDLE ANTITRUST, HEAVEN FREEDOM, SUMMER SCARFACE, EVERYONE CRAFT",title film,"title: {AMISTAD MIDSUMMER, SADDLE ANTITRUST, HEAVEN FREEDOM, SUMMER SCARFACE, EVERYONE CRAFT}"
entity_311,column,entity_308,SAKILA,description,film,BLOB,,"A Astounding Tale of a Mad Scientist And a Husband who must Redeem a Database Administrator in Ancient Japan, A Stunning Reflection of a Boat And a Pastry Chef who must Succumb a A Shark in A Jet Boat, A Brilliant Drama of a Cat And a Mad Scientist who must Battle a Feminist in A MySQL Convention, A Touching Documentary of a Madman And a Mad Scientist who must Outrace a Feminist in An Abandoned Mine Shaft, A Emotional Display of a Boat And a Explorer who must Challenge a Madman in A MySQL Convention",description film,"description: {A Astounding Tale of a Mad Scientist And a Husband who must Redeem a Database Administrator in Ancient Japan, A Stunning Reflection of a Boat And a Pastry Chef who must Succumb a A Shark in A Jet Boat, A Brilliant Drama of a Cat And a Mad Scientist who must Battle a Feminist in A MySQL Convention, A Touching Documentary of a Madman And a Mad Scientist who must Outrace a Feminist in An Abandoned Mine Shaft, A Emotional Display of a Boat And a Explorer who must Challenge a Madman in A MySQL Convention}"
entity_312,column,entity_308,SAKILA,release_year,film,DATE,,2006,release_year film,release_year: {2006}
entity_313,column,entity_308,SAKILA,language_id,film,NUMBER,FOREIGN KEY REFERENCES language(language_id),1,language_id film,language_id: {1}
entity_314,column,entity_308,SAKILA,original_language_id,film,NUMBER,FOREIGN KEY REFERENCES language(language_id),,original_language_id film,original_language_id: {}
entity_315,column,entity_308,SAKILA,rental_duration,film,NUMBER,,"4, 3, 7, 6, 5",rental_duration film,"rental_duration: {4, 3, 7, 6, 5}"
entity_316,column,entity_308,SAKILA,rental_rate,film,FLOAT,,"2.99, 4.99, 0.99",rental_rate film,"rental_rate: {2.99, 4.99, 0.99}"
entity_317,column,entity_308,SAKILA,length,film,NUMBER,,"46, 180, 94, 62, 108",length film,"length: {46, 180, 94, 62, 108}"
entity_318,column,entity_308,SAKILA,replacement_cost,film,FLOAT,,"12.99, 22.99, 24.99, 14.99, 27.99",replacement_cost film,"replacement_cost: {12.99, 22.99, 24.99, 14.99, 27.99}"
entity_319,column,entity_308,SAKILA,rating,film,,,"R, PG-13, G, NC-17, PG",rating film,"rating: {R, PG-13, G, NC-17, PG}"
entity_320,column,entity_308,SAKILA,special_features,film,,,"Trailers,Commentaries,Behind the Scenes, Trailers,Behind the Scenes, Deleted Scenes,Behind the Scenes, Deleted Scenes, Behind the Scenes",special_features film,"special_features: {Trailers,Commentaries,Behind the Scenes, Trailers,Behind the Scenes, Deleted Scenes,Behind the Scenes, Deleted Scenes, Behind the Scenes}"
entity_321,table,entity_276,SAKILA,film_actor,,,,"actor_id, film_id","film_actor [actor_id, film_id]","film_actor: {actor_id, film_id}"
entity_322,column,entity_321,SAKILA,actor_id,film_actor,NUMBER,PRIMARY KEY FOREIGN KEY REFERENCES actor(actor_id),"42, 173, 114, 148, 40",actor_id film_actor,"actor_id: {42, 173, 114, 148, 40}"
entity_323,column,entity_321,SAKILA,film_id,film_actor,NUMBER,PRIMARY KEY FOREIGN KEY REFERENCES film(film_id),"280, 134, 335, 169, 763",film_id film_actor,"film_id: {280, 134, 335, 169, 763}"
entity_324,table,entity_276,SAKILA,film_category,,,,"film_id, category_id","film_category [film_id, category_id]","film_category: {film_id, category_id}"
entity_325,column,entity_324,SAKILA,film_id,film_category,NUMBER,PRIMARY KEY FOREIGN KEY REFERENCES film(film_id),"849, 92, 762, 957, 821",film_id film_category,"film_id: {849, 92, 762, 957, 821}"
entity_326,column,entity_324,SAKILA,category_id,film_category,NUMBER,PRIMARY KEY FOREIGN KEY REFERENCES category(category_id),"9, 11, 1, 6, 3",category_id film_category,"category_id: {9, 11, 1, 6, 3}"
entity_327,table,entity_276,SAKILA,inventory,,,,"inventory_id, film_id, store_id","inventory [inventory_id, film_id, store_id]","inventory: {inventory_id, film_id, store_id}"
entity_328,column,entity_327,SAKILA,inventory_id,inventory,NUMBER,PRIMARY KEY,"3481, 2812, 4254, 1442, 3104",inventory_id inventory,"inventory_id: {3481, 2812, 4254, 1442, 3104}"
entity_329,column,entity_327,SAKILA,film_id,inventory,NUMBER,FOREIGN KEY REFERENCES film(film_id),"610, 810, 137, 772, 920",film_id inventory,"film_id: {610, 810, 137, 772, 920}"
entity_330,column,entity_327,SAKILA,store_id,inventory,NUMBER,FOREIGN KEY REFERENCES store(store_id),"1, 2",store_id inventory,"store_id: {1, 2}"
entity_331,table,entity_276,SAKILA,language,,,,"language_id, name","language [language_id, name]","language: {language_id, name}"
entity_332,column,entity_331,SAKILA,language_id,language,NUMBER,PRIMARY KEY,"1, 5, 3, 4, 6",language_id language,"language_id: {1, 5, 3, 4, 6}"
entity_333,column,entity_331,SAKILA,name,language,VARCHAR2,,"Japanese, Italian, German, Mandarin, English",name language,"name: {Japanese, Italian, German, Mandarin, English}"
entity_334,table,entity_276,SAKILA,payment,,,,"payment_id, customer_id, staff_id, rental_id, amount, payment_date","payment [payment_id, customer_id, staff_id, rental_id, amount, payment_date]","payment: {payment_id, customer_id, staff_id, rental_id, amount, payment_date}"
entity_335,column,entity_334,SAKILA,payment_id,payment,NUMBER,PRIMARY KEY,"13397, 8760, 14890, 2339, 3383",payment_id payment,"payment_id: {13397, 8760, 14890, 2339, 3383}"
entity_336,column,entity_334,SAKILA,customer_id,payment,NUMBER,FOREIGN KEY REFERENCES customer(customer_id),"76, 534, 182, 168, 207",customer_id payment,"customer_id: {76, 534, 182, 168, 207}"
entity_337,column,entity_334,SAKILA,staff_id,payment,NUMBER,FOREIGN KEY REFERENCES staff(staff_id),"2, 1",staff_id payment,"staff_id: {2, 1}"
entity_338,column,entity_334,SAKILA,rental_id,payment,NUMBER,FOREIGN KEY REFERENCES rental(rental_id),"12203, 5661, 2085, 6072, 2223",rental_id payment,"rental_id: {12203, 5661, 2085, 6072, 2223}"
entity_339,column,entity_334,SAKILA,amount,payment,FLOAT,,"0.00, 3.99, 9.98, 5.98, 5.99",amount payment,"amount: {0.00, 3.99, 9.98, 5.98, 5.99}"
entity_340,column,entity_334,SAKILA,payment_date,payment,DATE,,"2005-08-22 19:44:16, 2005-07-07 23:50:14, 2005-07-08 17:09:56, 2005-07-10 21:33:58, 2005-06-19 13:28:42",payment_date payment,"payment_date: {2005-08-22 19:44:16, 2005-07-07 23:50:14, 2005-07-08 17:09:56, 2005-07-10 21:33:58, 2005-06-19 13:28:42}"
entity_341,table,entity_276,SAKILA,rental,,,,"rental_id, rental_date, inventory_id, customer_id, return_date, staff_id","rental [rental_id, rental_date, inventory_id, customer_id, return_date, staff_id]","rental: {rental_id, rental_date, inventory_id, customer_id, return_date, staff_id}"
entity_342,column,entity_341,SAKILA,rental_id,rental,NUMBER,PRIMARY KEY,"7834, 11895, 694, 14490, 8508",rental_id rental,"rental_id: {7834, 11895, 694, 14490, 8508}"
entity_343,column,entity_341,SAKILA,rental_date,rental,DATE,,"2005-08-18 07:48:05, 2005-08-21 03:16:15, 2005-08-19 05:04:09, 2005-08-17 20:56:15, 2005-07-31 07:13:16",rental_date rental,"rental_date: {2005-08-18 07:48:05, 2005-08-21 03:16:15, 2005-08-19 05:04:09, 2005-08-17 20:56:15, 2005-07-31 07:13:16}"
entity_344,column,entity_341,SAKILA,inventory_id,rental,NUMBER,FOREIGN KEY REFERENCES inventory(inventory_id),"2270, 1531, 3293, 1809, 386",inventory_id rental,"inventory_id: {2270, 1531, 3293, 1809, 386}"
entity_345,column,entity_341,SAKILA,customer_id,rental,NUMBER,FOREIGN KEY REFERENCES customer(customer_id),"235, 109, 18, 289, 480",customer_id rental,"customer_id: {235, 109, 18, 289, 480}"
entity_346,column,entity_341,SAKILA,return_date,rental,DATE,,"2005-06-22 04:37:49, 2005-08-22 01:10:47, 2005-07-10 06:43:56, 2005-07-30 09:01:19, 2005-08-09 15:55:13",return_date rental,"return_date: {2005-06-22 04:37:49, 2005-08-22 01:10:47, 2005-07-10 06:43:56, 2005-07-30 09:01:19, 2005-08-09 15:55:13}"
entity_347,column,entity_341,SAKILA,staff_id,rental,NUMBER,FOREIGN KEY REFERENCES staff(staff_id),"2, 1",staff_id rental,"staff_id: {2, 1}"
entity_348,table,entity_276,SAKILA,staff,,,,"staff_id, first_name, last_name, address_id, email, store_id, active, username, password","staff [staff_id, first_name, last_name, address_id, email, store_id, active, username, password]","staff: {staff_id, first_name, last_name, address_id, email, store_id, active, username, password}"
entity_349,column,entity_348,SAKILA,staff_id,staff,NUMBER,PRIMARY KEY,"2, 1",staff_id staff,"staff_id: {2, 1}"
entity_350,column,entity_348,SAKILA,first_name,staff,VARCHAR2,,"Mike, Jon",first_name staff,"first_name: {Mike, Jon}"
entity_351,column,entity_348,SAKILA,last_name,staff,VARCHAR2,,"Stephens, Hillyer",last_name staff,"last_name: {Stephens, Hillyer}"
entity_352,column,entity_348,SAKILA,address_id,staff,NUMBER,FOREIGN KEY REFERENCES address(address_id),"3, 4",address_id staff,"address_id: {3, 4}"
entity_353,column,entity_348,SAKILA,email,staff,VARCHAR2,,"Mike.Hillyer@sakilastaff.com, Jon.Stephens@sakilastaff.com",email staff,"email: {Mike.Hillyer@sakilastaff.com, Jon.Stephens@sakilastaff.com}"
entity_354,column,entity_348,SAKILA,store_id,staff,NUMBER,FOREIGN KEY REFERENCES store(store_id),"1, 2",store_id staff,"store_id: {1, 2}"
entity_355,column,entity_348,SAKILA,active,staff,NUMBER,,1,active staff,active: {1}
entity_356,column,entity_348,SAKILA,username,staff,VARCHAR2,,"Mike, Jon",username staff,"username: {Mike, Jon}"
entity_357,column,entity_348,SAKILA,password,staff,VARCHAR2,,8cb2237d0679ca88db6464eac60da96345513964,password staff,password: {8cb2237d0679ca88db6464eac60da96345513964}
entity_358,table,entity_276,SAKILA,store,,,,"store_id, manager_staff_id, address_id","store [store_id, manager_staff_id, address_id]","store: {store_id, manager_staff_id, address_id}"
entity_359,column,entity_358,SAKILA,store_id,store,NUMBER,PRIMARY KEY,"1, 2",store_id store,"store_id: {1, 2}"
entity_360,column,entity_358,SAKILA,manager_staff_id,store,NUMBER,FOREIGN KEY REFERENCES staff(staff_id),"2, 1",manager_staff_id store,"manager_staff_id: {2, 1}"
entity_361,column,entity_358,SAKILA,address_id,store,NUMBER,FOREIGN KEY REFERENCES address(address_id),"1, 2",address_id store,"address_id: {1, 2}"
